window_id,target_name,mode,phase_group,year,mode_score,q33,q67,targeted_mode_status,phase_group_peak_eligible,performance_gate
W045,W045_P_earlier_minus_Jw_earlier,1,target_mode_low,1979,-0.5816926780192351,-0.1439087424117761,0.27003439449147004,strict_targeted_mode,True,eligible_for_group_peak
W045,W045_P_earlier_minus_Jw_earlier,1,target_mode_high,1980,0.3338913217858395,-0.1439087424117761,0.27003439449147004,strict_targeted_mode,True,eligible_for_group_peak
W045,W045_P_earlier_minus_Jw_earlier,1,target_mode_low,1981,-0.4169324020640139,-0.1439087424117761,0.27003439449147004,strict_targeted_mode,True,eligible_for_group_peak
W045,W045_P_earlier_minus_Jw_earlier,1,target_mode_low,1982,-1.3536509482353765,-0.1439087424117761,0.27003439449147004,strict_targeted_mode,True,eligible_for_group_peak
W045,W045_P_earlier_minus_Jw_earlier,1,target_mode_mid,1983,0.2087393860008628,-0.1439087424117761,0.27003439449147004,strict_targeted_mode,True,eligible_for_group_peak
W045,W045_P_earlier_minus_Jw_earlier,1,target_mode_low,1984,-0.5101999778994518,-0.1439087424117761,0.27003439449147004,strict_targeted_mode,True,eligible_for_group_peak
W045,W045_P_earlier_minus_Jw_earlier,1,target_mode_low,1985,-0.7399101353038919,-0.1439087424117761,0.27003439449147004,strict_targeted_mode,True,eligible_for_group_peak
W045,W045_P_earlier_minus_Jw_earlier,1,target_mode_mid,1986,0.008056206151941815,-0.1439087424117761,0.27003439449147004,strict_targeted_mode,True,eligible_for_group_peak
W045,W045_P_earlier_minus_Jw_earlier,1,target_mode_high,1987,0.47652160250839204,-0.1439087424117761,0.27003439449147004,strict_targeted_mode,True,eligible_for_group_peak
W045,W045_P_earlier_minus_Jw_earlier,1,target_mode_mid,1988,0.2517889200025588,-0.1439087424117761,0.27003439449147004,strict_targeted_mode,True,eligible_for_group_peak
W045,W045_P_earlier_minus_Jw_earlier,1,target_mode_low,1989,-0.20408186564570824,-0.1439087424117761,0.27003439449147004,strict_targeted_mode,True,eligible_for_group_peak
W045,W045_P_earlier_minus_Jw_earlier,1,target_mode_mid,1990,-0.11083435349492758,-0.1439087424117761,0.27003439449147004,strict_targeted_mode,True,eligible_for_group_peak
W045,W045_P_earlier_minus_Jw_earlier,1,target_mode_high,1991,1.6745983852860187,-0.1439087424117761,0.27003439449147004,strict_targeted_mode,True,eligible_for_group_peak
W045,W045_P_earlier_minus_Jw_earlier,1,target_mode_low,1992,-1.3579484820258436,-0.1439087424117761,0.27003439449147004,strict_targeted_mode,True,eligible_for_group_peak
W045,W045_P_earlier_minus_Jw_earlier,1,target_mode_low,1993,-0.8508134645146919,-0.1439087424117761,0.27003439449147004,strict_targeted_mode,True,eligible_for_group_peak
W045,W045_P_earlier_minus_Jw_earlier,1,target_mode_high,1994,0.32557610550581956,-0.1439087424117761,0.27003439449147004,strict_targeted_mode,True,eligible_for_group_peak
W045,W045_P_earlier_minus_Jw_earlier,1,target_mode_high,1995,0.4795540017148012,-0.1439087424117761,0.27003439449147004,strict_targeted_mode,True,eligible_for_group_peak
W045,W045_P_earlier_minus_Jw_earlier,1,target_mode_mid,1996,-0.03612887520759761,-0.1439087424117761,0.27003439449147004,strict_targeted_mode,True,eligible_for_group_peak
W045,W045_P_earlier_minus_Jw_earlier,1,target_mode_low,1997,-1.2588233372784066,-0.1439087424117761,0.27003439449147004,strict_targeted_mode,True,eligible_for_group_peak
W045,W045_P_earlier_minus_Jw_earlier,1,target_mode_high,1998,0.4304377581464733,-0.1439087424117761,0.27003439449147004,strict_targeted_mode,True,eligible_for_group_peak
W045,W045_P_earlier_minus_Jw_earlier,1,target_mode_high,1999,0.6309832246863569,-0.1439087424117761,0.27003439449147004,strict_targeted_mode,True,eligible_for_group_peak
W045,W045_P_earlier_minus_Jw_earlier,1,target_mode_mid,2000,-0.04004882878980341,-0.1439087424117761,0.27003439449147004,strict_targeted_mode,True,eligible_for_group_peak
W045,W045_P_earlier_minus_Jw_earlier,1,target_mode_mid,2001,0.09193878004683347,-0.1439087424117761,0.27003439449147004,strict_targeted_mode,True,eligible_for_group_peak
W045,W045_P_earlier_minus_Jw_earlier,1,target_mode_low,2002,-0.18293100284611513,-0.1439087424117761,0.27003439449147004,strict_targeted_mode,True,eligible_for_group_peak
W045,W045_P_earlier_minus_Jw_earlier,1,target_mode_low,2003,-0.2828763872703154,-0.1439087424117761,0.27003439449147004,strict_targeted_mode,True,eligible_for_group_peak
W045,W045_P_earlier_minus_Jw_earlier,1,target_mode_low,2004,-0.14802090329769743,-0.1439087424117761,0.27003439449147004,strict_targeted_mode,True,eligible_for_group_peak
W045,W045_P_earlier_minus_Jw_earlier,1,target_mode_mid,2005,-0.035347509369661245,-0.1439087424117761,0.27003439449147004,strict_targeted_mode,True,eligible_for_group_peak
W045,W045_P_earlier_minus_Jw_earlier,1,target_mode_mid,2006,-0.026563016350246396,-0.1439087424117761,0.27003439449147004,strict_targeted_mode,True,eligible_for_group_peak
W045,W045_P_earlier_minus_Jw_earlier,1,target_mode_low,2007,-0.2976466505937826,-0.1439087424117761,0.27003439449147004,strict_targeted_mode,True,eligible_for_group_peak
W045,W045_P_earlier_minus_Jw_earlier,1,target_mode_high,2008,0.3065253434692928,-0.1439087424117761,0.27003439449147004,strict_targeted_mode,True,eligible_for_group_peak
W045,W045_P_earlier_minus_Jw_earlier,1,target_mode_low,2009,-0.38024553607978695,-0.1439087424117761,0.27003439449147004,strict_targeted_mode,True,eligible_for_group_peak
W045,W045_P_earlier_minus_Jw_earlier,1,target_mode_mid,2010,0.08932699876734682,-0.1439087424117761,0.27003439449147004,strict_targeted_mode,True,eligible_for_group_peak
W045,W045_P_earlier_minus_Jw_earlier,1,target_mode_mid,2011,-0.045661569163578955,-0.1439087424117761,0.27003439449147004,strict_targeted_mode,True,eligible_for_group_peak
W045,W045_P_earlier_minus_Jw_earlier,1,target_mode_mid,2012,-0.1418526619688154,-0.1439087424117761,0.27003439449147004,strict_targeted_mode,True,eligible_for_group_peak
W045,W045_P_earlier_minus_Jw_earlier,1,target_mode_mid,2013,0.00860939981926033,-0.1439087424117761,0.27003439449147004,strict_targeted_mode,True,eligible_for_group_peak
W045,W045_P_earlier_minus_Jw_earlier,1,target_mode_mid,2014,-0.09846092016511632,-0.1439087424117761,0.27003439449147004,strict_targeted_mode,True,eligible_for_group_peak
W045,W045_P_earlier_minus_Jw_earlier,1,target_mode_high,2015,0.39131329526430814,-0.1439087424117761,0.27003439449147004,strict_targeted_mode,True,eligible_for_group_peak
W045,W045_P_earlier_minus_Jw_earlier,1,target_mode_high,2016,0.4373361551901872,-0.1439087424117761,0.27003439449147004,strict_targeted_mode,True,eligible_for_group_peak
W045,W045_P_earlier_minus_Jw_earlier,1,target_mode_high,2017,0.36834763281172034,-0.1439087424117761,0.27003439449147004,strict_targeted_mode,True,eligible_for_group_peak
W045,W045_P_earlier_minus_Jw_earlier,1,target_mode_high,2018,0.9428573477767551,-0.1439087424117761,0.27003439449147004,strict_targeted_mode,True,eligible_for_group_peak
W045,W045_P_earlier_minus_Jw_earlier,1,target_mode_high,2019,0.37161071725079153,-0.1439087424117761,0.27003439449147004,strict_targeted_mode,True,eligible_for_group_peak
W045,W045_P_earlier_minus_Jw_earlier,1,target_mode_mid,2020,0.00691827385285816,-0.1439087424117761,0.27003439449147004,strict_targeted_mode,True,eligible_for_group_peak
W045,W045_P_earlier_minus_Jw_earlier,1,target_mode_high,2021,0.8194712811460098,-0.1439087424117761,0.27003439449147004,strict_targeted_mode,True,eligible_for_group_peak
W045,W045_P_earlier_minus_Jw_earlier,1,target_mode_low,2022,-0.5390367977041983,-0.1439087424117761,0.27003439449147004,strict_targeted_mode,True,eligible_for_group_peak
W045,W045_P_earlier_minus_Jw_earlier,1,target_mode_high,2023,0.9853061661038277,-0.1439087424117761,0.27003439449147004,strict_targeted_mode,True,eligible_for_group_peak
W045,W045_V_earlier_minus_Jw_earlier,1,target_mode_low,1979,-0.5218560226351848,-0.16588164921616874,0.21577384586124082,credible_targeted_mode,True,eligible_for_group_peak
W045,W045_V_earlier_minus_Jw_earlier,1,target_mode_high,1980,0.3203414736361718,-0.16588164921616874,0.21577384586124082,credible_targeted_mode,True,eligible_for_group_peak
W045,W045_V_earlier_minus_Jw_earlier,1,target_mode_low,1981,-0.49138435971927114,-0.16588164921616874,0.21577384586124082,credible_targeted_mode,True,eligible_for_group_peak
W045,W045_V_earlier_minus_Jw_earlier,1,target_mode_low,1982,-1.22307849092243,-0.16588164921616874,0.21577384586124082,credible_targeted_mode,True,eligible_for_group_peak
W045,W045_V_earlier_minus_Jw_earlier,1,target_mode_mid,1983,0.10669973607450978,-0.16588164921616874,0.21577384586124082,credible_targeted_mode,True,eligible_for_group_peak
W045,W045_V_earlier_minus_Jw_earlier,1,target_mode_low,1984,-0.5382632290177649,-0.16588164921616874,0.21577384586124082,credible_targeted_mode,True,eligible_for_group_peak
W045,W045_V_earlier_minus_Jw_earlier,1,target_mode_low,1985,-0.7894559468402222,-0.16588164921616874,0.21577384586124082,credible_targeted_mode,True,eligible_for_group_peak
W045,W045_V_earlier_minus_Jw_earlier,1,target_mode_low,1986,-0.1845362621801266,-0.16588164921616874,0.21577384586124082,credible_targeted_mode,True,eligible_for_group_peak
W045,W045_V_earlier_minus_Jw_earlier,1,target_mode_high,1987,0.4324785287926551,-0.16588164921616874,0.21577384586124082,credible_targeted_mode,True,eligible_for_group_peak
W045,W045_V_earlier_minus_Jw_earlier,1,target_mode_mid,1988,0.20556742416154128,-0.16588164921616874,0.21577384586124082,credible_targeted_mode,True,eligible_for_group_peak
W045,W045_V_earlier_minus_Jw_earlier,1,target_mode_low,1989,-0.2404578472627084,-0.16588164921616874,0.21577384586124082,credible_targeted_mode,True,eligible_for_group_peak
W045,W045_V_earlier_minus_Jw_earlier,1,target_mode_mid,1990,-0.15993666588991412,-0.16588164921616874,0.21577384586124082,credible_targeted_mode,True,eligible_for_group_peak
W045,W045_V_earlier_minus_Jw_earlier,1,target_mode_high,1991,1.758302978833505,-0.16588164921616874,0.21577384586124082,credible_targeted_mode,True,eligible_for_group_peak
W045,W045_V_earlier_minus_Jw_earlier,1,target_mode_low,1992,-1.3397642123077231,-0.16588164921616874,0.21577384586124082,credible_targeted_mode,True,eligible_for_group_peak
W045,W045_V_earlier_minus_Jw_earlier,1,target_mode_low,1993,-0.9021156316496763,-0.16588164921616874,0.21577384586124082,credible_targeted_mode,True,eligible_for_group_peak
W045,W045_V_earlier_minus_Jw_earlier,1,target_mode_high,1994,0.3421416349639995,-0.16588164921616874,0.21577384586124082,credible_targeted_mode,True,eligible_for_group_peak
W045,W045_V_earlier_minus_Jw_earlier,1,target_mode_high,1995,0.3296503545952487,-0.16588164921616874,0.21577384586124082,credible_targeted_mode,True,eligible_for_group_peak
W045,W045_V_earlier_minus_Jw_earlier,1,target_mode_mid,1996,0.031096197758267788,-0.16588164921616874,0.21577384586124082,credible_targeted_mode,True,eligible_for_group_peak
W045,W045_V_earlier_minus_Jw_earlier,1,target_mode_low,1997,-1.1867200821800803,-0.16588164921616874,0.21577384586124082,credible_targeted_mode,True,eligible_for_group_peak
W045,W045_V_earlier_minus_Jw_earlier,1,target_mode_high,1998,0.23618668926064,-0.16588164921616874,0.21577384586124082,credible_targeted_mode,True,eligible_for_group_peak
W045,W045_V_earlier_minus_Jw_earlier,1,target_mode_high,1999,0.5735487607897718,-0.16588164921616874,0.21577384586124082,credible_targeted_mode,True,eligible_for_group_peak
W045,W045_V_earlier_minus_Jw_earlier,1,target_mode_mid,2000,0.0638695802510813,-0.16588164921616874,0.21577384586124082,credible_targeted_mode,True,eligible_for_group_peak
W045,W045_V_earlier_minus_Jw_earlier,1,target_mode_mid,2001,0.15729907365394025,-0.16588164921616874,0.21577384586124082,credible_targeted_mode,True,eligible_for_group_peak
W045,W045_V_earlier_minus_Jw_earlier,1,target_mode_low,2002,-0.3439326219226887,-0.16588164921616874,0.21577384586124082,credible_targeted_mode,True,eligible_for_group_peak
W045,W045_V_earlier_minus_Jw_earlier,1,target_mode_low,2003,-0.34630434211363387,-0.16588164921616874,0.21577384586124082,credible_targeted_mode,True,eligible_for_group_peak
W045,W045_V_earlier_minus_Jw_earlier,1,target_mode_mid,2004,-0.12387057816514925,-0.16588164921616874,0.21577384586124082,credible_targeted_mode,True,eligible_for_group_peak
W045,W045_V_earlier_minus_Jw_earlier,1,target_mode_mid,2005,-0.10552936679301175,-0.16588164921616874,0.21577384586124082,credible_targeted_mode,True,eligible_for_group_peak
W045,W045_V_earlier_minus_Jw_earlier,1,target_mode_mid,2006,-0.15254592860120975,-0.16588164921616874,0.21577384586124082,credible_targeted_mode,True,eligible_for_group_peak
W045,W045_V_earlier_minus_Jw_earlier,1,target_mode_mid,2007,-0.11463728066431907,-0.16588164921616874,0.21577384586124082,credible_targeted_mode,True,eligible_for_group_peak
W045,W045_V_earlier_minus_Jw_earlier,1,target_mode_high,2008,0.30210801534641746,-0.16588164921616874,0.21577384586124082,credible_targeted_mode,True,eligible_for_group_peak
W045,W045_V_earlier_minus_Jw_earlier,1,target_mode_low,2009,-0.2880273142428895,-0.16588164921616874,0.21577384586124082,credible_targeted_mode,True,eligible_for_group_peak
W045,W045_V_earlier_minus_Jw_earlier,1,target_mode_mid,2010,0.06605296715977949,-0.16588164921616874,0.21577384586124082,credible_targeted_mode,True,eligible_for_group_peak
W045,W045_V_earlier_minus_Jw_earlier,1,target_mode_mid,2011,0.0979597147906309,-0.16588164921616874,0.21577384586124082,credible_targeted_mode,True,eligible_for_group_peak
W045,W045_V_earlier_minus_Jw_earlier,1,target_mode_low,2012,-0.17777161586867793,-0.16588164921616874,0.21577384586124082,credible_targeted_mode,True,eligible_for_group_peak
W045,W045_V_earlier_minus_Jw_earlier,1,target_mode_mid,2013,0.1260125457389369,-0.16588164921616874,0.21577384586124082,credible_targeted_mode,True,eligible_for_group_peak
W045,W045_V_earlier_minus_Jw_earlier,1,target_mode_mid,2014,0.024140500253380597,-0.16588164921616874,0.21577384586124082,credible_targeted_mode,True,eligible_for_group_peak
W045,W045_V_earlier_minus_Jw_earlier,1,target_mode_high,2015,0.5289327483040893,-0.16588164921616874,0.21577384586124082,credible_targeted_mode,True,eligible_for_group_peak
W045,W045_V_earlier_minus_Jw_earlier,1,target_mode_high,2016,0.3117902801464631,-0.16588164921616874,0.21577384586124082,credible_targeted_mode,True,eligible_for_group_peak
W045,W045_V_earlier_minus_Jw_earlier,1,target_mode_high,2017,0.449336546008381,-0.16588164921616874,0.21577384586124082,credible_targeted_mode,True,eligible_for_group_peak
W045,W045_V_earlier_minus_Jw_earlier,1,target_mode_high,2018,0.8123794006645415,-0.16588164921616874,0.21577384586124082,credible_targeted_mode,True,eligible_for_group_peak
W045,W045_V_earlier_minus_Jw_earlier,1,target_mode_high,2019,0.5004487097656387,-0.16588164921616874,0.21577384586124082,credible_targeted_mode,True,eligible_for_group_peak
W045,W045_V_earlier_minus_Jw_earlier,1,target_mode_mid,2020,0.12642199464109796,-0.16588164921616874,0.21577384586124082,credible_targeted_mode,True,eligible_for_group_peak
W045,W045_V_earlier_minus_Jw_earlier,1,target_mode_high,2021,0.8186401905365257,-0.16588164921616874,0.21577384586124082,credible_targeted_mode,True,eligible_for_group_peak
W045,W045_V_earlier_minus_Jw_earlier,1,target_mode_low,2022,-0.5233911197567612,-0.16588164921616874,0.21577384586124082,credible_targeted_mode,True,eligible_for_group_peak
W045,W045_V_earlier_minus_Jw_earlier,1,target_mode_high,2023,1.0321728726062207,-0.16588164921616874,0.21577384586124082,credible_targeted_mode,True,eligible_for_group_peak
W045,W045_V_earlier_minus_Je_earlier,1,target_mode_high,1979,0.7045989906173848,-0.2246081166033328,0.2599728757477025,not_supported,False,targeted_mode_not_eligible_for_group_peak
W045,W045_V_earlier_minus_Je_earlier,1,target_mode_mid,1980,-0.07850829891792035,-0.2246081166033328,0.2599728757477025,not_supported,False,targeted_mode_not_eligible_for_group_peak
W045,W045_V_earlier_minus_Je_earlier,1,target_mode_mid,1981,0.11395858016557646,-0.2246081166033328,0.2599728757477025,not_supported,False,targeted_mode_not_eligible_for_group_peak
W045,W045_V_earlier_minus_Je_earlier,1,target_mode_mid,1982,0.018946388844647,-0.2246081166033328,0.2599728757477025,not_supported,False,targeted_mode_not_eligible_for_group_peak
W045,W045_V_earlier_minus_Je_earlier,1,target_mode_mid,1983,-0.19513107076922673,-0.2246081166033328,0.2599728757477025,not_supported,False,targeted_mode_not_eligible_for_group_peak
W045,W045_V_earlier_minus_Je_earlier,1,target_mode_high,1984,0.5672878498204177,-0.2246081166033328,0.2599728757477025,not_supported,False,targeted_mode_not_eligible_for_group_peak
W045,W045_V_earlier_minus_Je_earlier,1,target_mode_low,1985,-0.5068724716181381,-0.2246081166033328,0.2599728757477025,not_supported,False,targeted_mode_not_eligible_for_group_peak
W045,W045_V_earlier_minus_Je_earlier,1,target_mode_high,1986,0.2899704885672102,-0.2246081166033328,0.2599728757477025,not_supported,False,targeted_mode_not_eligible_for_group_peak
W045,W045_V_earlier_minus_Je_earlier,1,target_mode_mid,1987,-0.1354075940305847,-0.2246081166033328,0.2599728757477025,not_supported,False,targeted_mode_not_eligible_for_group_peak
W045,W045_V_earlier_minus_Je_earlier,1,target_mode_low,1988,-0.4608758922537027,-0.2246081166033328,0.2599728757477025,not_supported,False,targeted_mode_not_eligible_for_group_peak
W045,W045_V_earlier_minus_Je_earlier,1,target_mode_mid,1989,0.15546081946715815,-0.2246081166033328,0.2599728757477025,not_supported,False,targeted_mode_not_eligible_for_group_peak
W045,W045_V_earlier_minus_Je_earlier,1,target_mode_mid,1990,0.12847435255125528,-0.2246081166033328,0.2599728757477025,not_supported,False,targeted_mode_not_eligible_for_group_peak
W045,W045_V_earlier_minus_Je_earlier,1,target_mode_low,1991,-0.5560524683073517,-0.2246081166033328,0.2599728757477025,not_supported,False,targeted_mode_not_eligible_for_group_peak
W045,W045_V_earlier_minus_Je_earlier,1,target_mode_high,1992,0.29473165548156255,-0.2246081166033328,0.2599728757477025,not_supported,False,targeted_mode_not_eligible_for_group_peak
W045,W045_V_earlier_minus_Je_earlier,1,target_mode_mid,1993,-0.09258157327195699,-0.2246081166033328,0.2599728757477025,not_supported,False,targeted_mode_not_eligible_for_group_peak
W045,W045_V_earlier_minus_Je_earlier,1,target_mode_low,1994,-0.3615485530253142,-0.2246081166033328,0.2599728757477025,not_supported,False,targeted_mode_not_eligible_for_group_peak
W045,W045_V_earlier_minus_Je_earlier,1,target_mode_high,1995,0.7144038395929516,-0.2246081166033328,0.2599728757477025,not_supported,False,targeted_mode_not_eligible_for_group_peak
W045,W045_V_earlier_minus_Je_earlier,1,target_mode_high,1996,0.2858148784040422,-0.2246081166033328,0.2599728757477025,not_supported,False,targeted_mode_not_eligible_for_group_peak
W045,W045_V_earlier_minus_Je_earlier,1,target_mode_low,1997,-0.2828684261401773,-0.2246081166033328,0.2599728757477025,not_supported,False,targeted_mode_not_eligible_for_group_peak
W045,W045_V_earlier_minus_Je_earlier,1,target_mode_low,1998,-1.030381185184957,-0.2246081166033328,0.2599728757477025,not_supported,False,targeted_mode_not_eligible_for_group_peak
W045,W045_V_earlier_minus_Je_earlier,1,target_mode_high,1999,0.39077411879142776,-0.2246081166033328,0.2599728757477025,not_supported,False,targeted_mode_not_eligible_for_group_peak
W045,W045_V_earlier_minus_Je_earlier,1,target_mode_high,2000,1.2620139294099433,-0.2246081166033328,0.2599728757477025,not_supported,False,targeted_mode_not_eligible_for_group_peak
W045,W045_V_earlier_minus_Je_earlier,1,target_mode_mid,2001,0.23145858360661986,-0.2246081166033328,0.2599728757477025,not_supported,False,targeted_mode_not_eligible_for_group_peak
W045,W045_V_earlier_minus_Je_earlier,1,target_mode_low,2002,-0.41961469163730003,-0.2246081166033328,0.2599728757477025,not_supported,False,targeted_mode_not_eligible_for_group_peak
W045,W045_V_earlier_minus_Je_earlier,1,target_mode_low,2003,-0.7047797421173081,-0.2246081166033328,0.2599728757477025,not_supported,False,targeted_mode_not_eligible_for_group_peak
W045,W045_V_earlier_minus_Je_earlier,1,target_mode_high,2004,0.28516117954379383,-0.2246081166033328,0.2599728757477025,not_supported,False,targeted_mode_not_eligible_for_group_peak
W045,W045_V_earlier_minus_Je_earlier,1,target_mode_mid,2005,-0.11035250879415985,-0.2246081166033328,0.2599728757477025,not_supported,False,targeted_mode_not_eligible_for_group_peak
W045,W045_V_earlier_minus_Je_earlier,1,target_mode_mid,2006,0.2473787238496569,-0.2246081166033328,0.2599728757477025,not_supported,False,targeted_mode_not_eligible_for_group_peak
W045,W045_V_earlier_minus_Je_earlier,1,target_mode_high,2007,0.565672732932929,-0.2246081166033328,0.2599728757477025,not_supported,False,targeted_mode_not_eligible_for_group_peak
W045,W045_V_earlier_minus_Je_earlier,1,target_mode_mid,2008,-0.07363428476077424,-0.2246081166033328,0.2599728757477025,not_supported,False,targeted_mode_not_eligible_for_group_peak
W045,W045_V_earlier_minus_Je_earlier,1,target_mode_high,2009,0.30519471765009154,-0.2246081166033328,0.2599728757477025,not_supported,False,targeted_mode_not_eligible_for_group_peak
W045,W045_V_earlier_minus_Je_earlier,1,target_mode_low,2010,-0.8001101398933568,-0.2246081166033328,0.2599728757477025,not_supported,False,targeted_mode_not_eligible_for_group_peak
W045,W045_V_earlier_minus_Je_earlier,1,target_mode_mid,2011,-0.0248057145280108,-0.2246081166033328,0.2599728757477025,not_supported,False,targeted_mode_not_eligible_for_group_peak
W045,W045_V_earlier_minus_Je_earlier,1,target_mode_high,2012,0.6472681319408182,-0.2246081166033328,0.2599728757477025,not_supported,False,targeted_mode_not_eligible_for_group_peak
W045,W045_V_earlier_minus_Je_earlier,1,target_mode_high,2013,0.9873294271535641,-0.2246081166033328,0.2599728757477025,not_supported,False,targeted_mode_not_eligible_for_group_peak
W045,W045_V_earlier_minus_Je_earlier,1,target_mode_high,2014,0.5110720196789571,-0.2246081166033328,0.2599728757477025,not_supported,False,targeted_mode_not_eligible_for_group_peak
W045,W045_V_earlier_minus_Je_earlier,1,target_mode_mid,2015,-0.19547796183491048,-0.2246081166033328,0.2599728757477025,not_supported,False,targeted_mode_not_eligible_for_group_peak
W045,W045_V_earlier_minus_Je_earlier,1,target_mode_low,2016,-1.1562676144230606,-0.2246081166033328,0.2599728757477025,not_supported,False,targeted_mode_not_eligible_for_group_peak
W045,W045_V_earlier_minus_Je_earlier,1,target_mode_low,2017,-0.4838086008684786,-0.2246081166033328,0.2599728757477025,not_supported,False,targeted_mode_not_eligible_for_group_peak
W045,W045_V_earlier_minus_Je_earlier,1,target_mode_low,2018,-0.7618142530317373,-0.2246081166033328,0.2599728757477025,not_supported,False,targeted_mode_not_eligible_for_group_peak
W045,W045_V_earlier_minus_Je_earlier,1,target_mode_mid,2019,0.06983727915007751,-0.2246081166033328,0.2599728757477025,not_supported,False,targeted_mode_not_eligible_for_group_peak
W045,W045_V_earlier_minus_Je_earlier,1,target_mode_low,2020,-0.35105044426702625,-0.2246081166033328,0.2599728757477025,not_supported,False,targeted_mode_not_eligible_for_group_peak
W045,W045_V_earlier_minus_Je_earlier,1,target_mode_low,2021,-0.4553527327304318,-0.2246081166033328,0.2599728757477025,not_supported,False,targeted_mode_not_eligible_for_group_peak
W045,W045_V_earlier_minus_Je_earlier,1,target_mode_high,2022,0.9347132886144672,-0.2246081166033328,0.2599728757477025,not_supported,False,targeted_mode_not_eligible_for_group_peak
W045,W045_V_earlier_minus_Je_earlier,1,target_mode_low,2023,-0.4742257534286365,-0.2246081166033328,0.2599728757477025,not_supported,False,targeted_mode_not_eligible_for_group_peak
W045,W045_P_earlier_minus_V_earlier,1,target_mode_low,1979,-0.36739257288041743,-0.21955510156857433,0.15764297177198455,not_supported,False,targeted_mode_not_eligible_for_group_peak
W045,W045_P_earlier_minus_V_earlier,1,target_mode_high,1980,1.0099888199969174,-0.21955510156857433,0.15764297177198455,not_supported,False,targeted_mode_not_eligible_for_group_peak
W045,W045_P_earlier_minus_V_earlier,1,target_mode_mid,1981,-0.061079100660471904,-0.21955510156857433,0.15764297177198455,not_supported,False,targeted_mode_not_eligible_for_group_peak
W045,W045_P_earlier_minus_V_earlier,1,target_mode_low,1982,-0.44156789945522257,-0.21955510156857433,0.15764297177198455,not_supported,False,targeted_mode_not_eligible_for_group_peak
W045,W045_P_earlier_minus_V_earlier,1,target_mode_high,1983,0.6225116251892998,-0.21955510156857433,0.15764297177198455,not_supported,False,targeted_mode_not_eligible_for_group_peak
W045,W045_P_earlier_minus_V_earlier,1,target_mode_mid,1984,-0.1548167319096326,-0.21955510156857433,0.15764297177198455,not_supported,False,targeted_mode_not_eligible_for_group_peak
W045,W045_P_earlier_minus_V_earlier,1,target_mode_low,1985,-0.5550481446084918,-0.21955510156857433,0.15764297177198455,not_supported,False,targeted_mode_not_eligible_for_group_peak
W045,W045_P_earlier_minus_V_earlier,1,target_mode_high,1986,0.2900163084967111,-0.21955510156857433,0.15764297177198455,not_supported,False,targeted_mode_not_eligible_for_group_peak
W045,W045_P_earlier_minus_V_earlier,1,target_mode_high,1987,0.6939320090888119,-0.21955510156857433,0.15764297177198455,not_supported,False,targeted_mode_not_eligible_for_group_peak
W045,W045_P_earlier_minus_V_earlier,1,target_mode_high,1988,0.2561446050541215,-0.21955510156857433,0.15764297177198455,not_supported,False,targeted_mode_not_eligible_for_group_peak
W045,W045_P_earlier_minus_V_earlier,1,target_mode_high,1989,0.26572162621493006,-0.21955510156857433,0.15764297177198455,not_supported,False,targeted_mode_not_eligible_for_group_peak
W045,W045_P_earlier_minus_V_earlier,1,target_mode_mid,1990,0.15662893483121854,-0.21955510156857433,0.15764297177198455,not_supported,False,targeted_mode_not_eligible_for_group_peak
W045,W045_P_earlier_minus_V_earlier,1,target_mode_high,1991,1.4275294064414246,-0.21955510156857433,0.15764297177198455,not_supported,False,targeted_mode_not_eligible_for_group_peak
W045,W045_P_earlier_minus_V_earlier,1,target_mode_low,1992,-0.3600937957065783,-0.21955510156857433,0.15764297177198455,not_supported,False,targeted_mode_not_eligible_for_group_peak
W045,W045_P_earlier_minus_V_earlier,1,target_mode_mid,1993,-0.2025804380579045,-0.21955510156857433,0.15764297177198455,not_supported,False,targeted_mode_not_eligible_for_group_peak
W045,W045_P_earlier_minus_V_earlier,1,target_mode_mid,1994,0.07010865922137657,-0.21955510156857433,0.15764297177198455,not_supported,False,targeted_mode_not_eligible_for_group_peak
W045,W045_P_earlier_minus_V_earlier,1,target_mode_mid,1995,-0.18545562223347106,-0.21955510156857433,0.15764297177198455,not_supported,False,targeted_mode_not_eligible_for_group_peak
W045,W045_P_earlier_minus_V_earlier,1,target_mode_high,1996,0.3281024429760817,-0.21955510156857433,0.15764297177198455,not_supported,False,targeted_mode_not_eligible_for_group_peak
W045,W045_P_earlier_minus_V_earlier,1,target_mode_low,1997,-0.8496468205134298,-0.21955510156857433,0.15764297177198455,not_supported,False,targeted_mode_not_eligible_for_group_peak
W045,W045_P_earlier_minus_V_earlier,1,target_mode_high,1998,0.6971435153838486,-0.21955510156857433,0.15764297177198455,not_supported,False,targeted_mode_not_eligible_for_group_peak
W045,W045_P_earlier_minus_V_earlier,1,target_mode_mid,1999,-0.14768464324012742,-0.21955510156857433,0.15764297177198455,not_supported,False,targeted_mode_not_eligible_for_group_peak
W045,W045_P_earlier_minus_V_earlier,1,target_mode_mid,2000,-0.19753882907184292,-0.21955510156857433,0.15764297177198455,not_supported,False,targeted_mode_not_eligible_for_group_peak
W045,W045_P_earlier_minus_V_earlier,1,target_mode_mid,2001,-0.08333550985428324,-0.21955510156857433,0.15764297177198455,not_supported,False,targeted_mode_not_eligible_for_group_peak
W045,W045_P_earlier_minus_V_earlier,1,target_mode_mid,2002,0.1395564432444514,-0.21955510156857433,0.15764297177198455,not_supported,False,targeted_mode_not_eligible_for_group_peak
W045,W045_P_earlier_minus_V_earlier,1,target_mode_low,2003,-0.25350442858991395,-0.21955510156857433,0.15764297177198455,not_supported,False,targeted_mode_not_eligible_for_group_peak
W045,W045_P_earlier_minus_V_earlier,1,target_mode_mid,2004,0.08920969567237372,-0.21955510156857433,0.15764297177198455,not_supported,False,targeted_mode_not_eligible_for_group_peak
W045,W045_P_earlier_minus_V_earlier,1,target_mode_low,2005,-0.3191352519510831,-0.21955510156857433,0.15764297177198455,not_supported,False,targeted_mode_not_eligible_for_group_peak
W045,W045_P_earlier_minus_V_earlier,1,target_mode_high,2006,0.2317901009236717,-0.21955510156857433,0.15764297177198455,not_supported,False,targeted_mode_not_eligible_for_group_peak
W045,W045_P_earlier_minus_V_earlier,1,target_mode_low,2007,-0.699534309607822,-0.21955510156857433,0.15764297177198455,not_supported,False,targeted_mode_not_eligible_for_group_peak
W045,W045_P_earlier_minus_V_earlier,1,target_mode_mid,2008,0.06875427994686509,-0.21955510156857433,0.15764297177198455,not_supported,False,targeted_mode_not_eligible_for_group_peak
W045,W045_P_earlier_minus_V_earlier,1,target_mode_low,2009,-0.870648029283912,-0.21955510156857433,0.15764297177198455,not_supported,False,targeted_mode_not_eligible_for_group_peak
W045,W045_P_earlier_minus_V_earlier,1,target_mode_mid,2010,0.14478590669217803,-0.21955510156857433,0.15764297177198455,not_supported,False,targeted_mode_not_eligible_for_group_peak
W045,W045_P_earlier_minus_V_earlier,1,target_mode_low,2011,-0.3794246034346668,-0.21955510156857433,0.15764297177198455,not_supported,False,targeted_mode_not_eligible_for_group_peak
W045,W045_P_earlier_minus_V_earlier,1,target_mode_low,2012,-0.5108193342467324,-0.21955510156857433,0.15764297177198455,not_supported,False,targeted_mode_not_eligible_for_group_peak
W045,W045_P_earlier_minus_V_earlier,1,target_mode_low,2013,-0.392023900822969,-0.21955510156857433,0.15764297177198455,not_supported,False,targeted_mode_not_eligible_for_group_peak
W045,W045_P_earlier_minus_V_earlier,1,target_mode_low,2014,-0.8855410290906753,-0.21955510156857433,0.15764297177198455,not_supported,False,targeted_mode_not_eligible_for_group_peak
W045,W045_P_earlier_minus_V_earlier,1,target_mode_mid,2015,0.1027981537758775,-0.21955510156857433,0.15764297177198455,not_supported,False,targeted_mode_not_eligible_for_group_peak
W045,W045_P_earlier_minus_V_earlier,1,target_mode_high,2016,1.0986651463036619,-0.21955510156857433,0.15764297177198455,not_supported,False,targeted_mode_not_eligible_for_group_peak
W045,W045_P_earlier_minus_V_earlier,1,target_mode_high,2017,0.35985935458571794,-0.21955510156857433,0.15764297177198455,not_supported,False,targeted_mode_not_eligible_for_group_peak
W045,W045_P_earlier_minus_V_earlier,1,target_mode_high,2018,0.1661509555063125,-0.21955510156857433,0.15764297177198455,not_supported,False,targeted_mode_not_eligible_for_group_peak
W045,W045_P_earlier_minus_V_earlier,1,target_mode_low,2019,-0.3719116417993854,-0.21955510156857433,0.15764297177198455,not_supported,False,targeted_mode_not_eligible_for_group_peak
W045,W045_P_earlier_minus_V_earlier,1,target_mode_high,2020,0.15967104565351659,-0.21955510156857433,0.15764297177198455,not_supported,False,targeted_mode_not_eligible_for_group_peak
W045,W045_P_earlier_minus_V_earlier,1,target_mode_mid,2021,-0.09307687441203182,-0.21955510156857433,0.15764297177198455,not_supported,False,targeted_mode_not_eligible_for_group_peak
W045,W045_P_earlier_minus_V_earlier,1,target_mode_low,2022,-0.30658944897439494,-0.21955510156857433,0.15764297177198455,not_supported,False,targeted_mode_not_eligible_for_group_peak
W045,W045_P_earlier_minus_V_earlier,1,target_mode_high,2023,0.30937992520604857,-0.21955510156857433,0.15764297177198455,not_supported,False,targeted_mode_not_eligible_for_group_peak
W045,W045_Je_earlier_minus_Jw_earlier,1,target_mode_low,1979,-0.6022078008066369,-0.24820313221124762,0.2785526274048788,strict_targeted_mode,True,eligible_for_group_peak
W045,W045_Je_earlier_minus_Jw_earlier,1,target_mode_mid,1980,0.25699033502743884,-0.24820313221124762,0.2785526274048788,strict_targeted_mode,True,eligible_for_group_peak
W045,W045_Je_earlier_minus_Jw_earlier,1,target_mode_low,1981,-0.40639513588057563,-0.24820313221124762,0.2785526274048788,strict_targeted_mode,True,eligible_for_group_peak
W045,W045_Je_earlier_minus_Jw_earlier,1,target_mode_low,1982,-1.0484904353190816,-0.24820313221124762,0.2785526274048788,strict_targeted_mode,True,eligible_for_group_peak
W045,W045_Je_earlier_minus_Jw_earlier,1,target_mode_mid,1983,0.035045697073688625,-0.24820313221124762,0.2785526274048788,strict_targeted_mode,True,eligible_for_group_peak
W045,W045_Je_earlier_minus_Jw_earlier,1,target_mode_low,1984,-0.6715593823138217,-0.24820313221124762,0.2785526274048788,strict_targeted_mode,True,eligible_for_group_peak
W045,W045_Je_earlier_minus_Jw_earlier,1,target_mode_low,1985,-0.4789445728815565,-0.24820313221124762,0.2785526274048788,strict_targeted_mode,True,eligible_for_group_peak
W045,W045_Je_earlier_minus_Jw_earlier,1,target_mode_low,1986,-0.3324280326834035,-0.24820313221124762,0.2785526274048788,strict_targeted_mode,True,eligible_for_group_peak
W045,W045_Je_earlier_minus_Jw_earlier,1,target_mode_high,1987,0.43995463064666646,-0.24820313221124762,0.2785526274048788,strict_targeted_mode,True,eligible_for_group_peak
W045,W045_Je_earlier_minus_Jw_earlier,1,target_mode_high,1988,0.381955160359209,-0.24820313221124762,0.2785526274048788,strict_targeted_mode,True,eligible_for_group_peak
W045,W045_Je_earlier_minus_Jw_earlier,1,target_mode_mid,1989,-0.24123118795613982,-0.24820313221124762,0.2785526274048788,strict_targeted_mode,True,eligible_for_group_peak
W045,W045_Je_earlier_minus_Jw_earlier,1,target_mode_low,1990,-0.285973423091361,-0.24820313221124762,0.2785526274048788,strict_targeted_mode,True,eligible_for_group_peak
W045,W045_Je_earlier_minus_Jw_earlier,1,target_mode_high,1991,1.7152460518747952,-0.24820313221124762,0.2785526274048788,strict_targeted_mode,True,eligible_for_group_peak
W045,W045_Je_earlier_minus_Jw_earlier,1,target_mode_low,1992,-1.1650314195553055,-0.24820313221124762,0.2785526274048788,strict_targeted_mode,True,eligible_for_group_peak
W045,W045_Je_earlier_minus_Jw_earlier,1,target_mode_low,1993,-0.7724203934287297,-0.24820313221124762,0.2785526274048788,strict_targeted_mode,True,eligible_for_group_peak
W045,W045_Je_earlier_minus_Jw_earlier,1,target_mode_high,1994,0.3995510101008456,-0.24820313221124762,0.2785526274048788,strict_targeted_mode,True,eligible_for_group_peak
W045,W045_Je_earlier_minus_Jw_earlier,1,target_mode_mid,1995,-0.08185320731420184,-0.24820313221124762,0.2785526274048788,strict_targeted_mode,True,eligible_for_group_peak
W045,W045_Je_earlier_minus_Jw_earlier,1,target_mode_mid,1996,-0.08796838819434227,-0.24820313221124762,0.2785526274048788,strict_targeted_mode,True,eligible_for_group_peak
W045,W045_Je_earlier_minus_Jw_earlier,1,target_mode_low,1997,-0.8739111352006499,-0.24820313221124762,0.2785526274048788,strict_targeted_mode,True,eligible_for_group_peak
W045,W045_Je_earlier_minus_Jw_earlier,1,target_mode_high,1998,0.5537669427917387,-0.24820313221124762,0.2785526274048788,strict_targeted_mode,True,eligible_for_group_peak
W045,W045_Je_earlier_minus_Jw_earlier,1,target_mode_high,1999,0.326628016177682,-0.24820313221124762,0.2785526274048788,strict_targeted_mode,True,eligible_for_group_peak
W045,W045_Je_earlier_minus_Jw_earlier,1,target_mode_low,2000,-0.43461580500160635,-0.24820313221124762,0.2785526274048788,strict_targeted_mode,True,eligible_for_group_peak
W045,W045_Je_earlier_minus_Jw_earlier,1,target_mode_mid,2001,0.07255287489500693,-0.24820313221124762,0.2785526274048788,strict_targeted_mode,True,eligible_for_group_peak
W045,W045_Je_earlier_minus_Jw_earlier,1,target_mode_mid,2002,-0.1462820515715596,-0.24820313221124762,0.2785526274048788,strict_targeted_mode,True,eligible_for_group_peak
W045,W045_Je_earlier_minus_Jw_earlier,1,target_mode_mid,2003,0.0038694645039124044,-0.24820313221124762,0.2785526274048788,strict_targeted_mode,True,eligible_for_group_peak
W045,W045_Je_earlier_minus_Jw_earlier,1,target_mode_mid,2004,-0.15310111354254335,-0.24820313221124762,0.2785526274048788,strict_targeted_mode,True,eligible_for_group_peak
W045,W045_Je_earlier_minus_Jw_earlier,1,target_mode_mid,2005,-0.0428315753695587,-0.24820313221124762,0.2785526274048788,strict_targeted_mode,True,eligible_for_group_peak
W045,W045_Je_earlier_minus_Jw_earlier,1,target_mode_mid,2006,-0.16870055175678278,-0.24820313221124762,0.2785526274048788,strict_targeted_mode,True,eligible_for_group_peak
W045,W045_Je_earlier_minus_Jw_earlier,1,target_mode_low,2007,-0.26214702072146323,-0.24820313221124762,0.2785526274048788,strict_targeted_mode,True,eligible_for_group_peak
W045,W045_Je_earlier_minus_Jw_earlier,1,target_mode_high,2008,0.3875046572429665,-0.24820313221124762,0.2785526274048788,strict_targeted_mode,True,eligible_for_group_peak
W045,W045_Je_earlier_minus_Jw_earlier,1,target_mode_low,2009,-0.34374258083911413,-0.24820313221124762,0.2785526274048788,strict_targeted_mode,True,eligible_for_group_peak
W045,W045_Je_earlier_minus_Jw_earlier,1,target_mode_high,2010,0.321677212159759,-0.24820313221124762,0.2785526274048788,strict_targeted_mode,True,eligible_for_group_peak
W045,W045_Je_earlier_minus_Jw_earlier,1,target_mode_mid,2011,0.12775691228711084,-0.24820313221124762,0.2785526274048788,strict_targeted_mode,True,eligible_for_group_peak
W045,W045_Je_earlier_minus_Jw_earlier,1,target_mode_low,2012,-0.34425930967781915,-0.24820313221124762,0.2785526274048788,strict_targeted_mode,True,eligible_for_group_peak
W045,W045_Je_earlier_minus_Jw_earlier,1,target_mode_mid,2013,-0.19788858306093352,-0.24820313221124762,0.2785526274048788,strict_targeted_mode,True,eligible_for_group_peak
W045,W045_Je_earlier_minus_Jw_earlier,1,target_mode_mid,2014,-0.07587807742206949,-0.24820313221124762,0.2785526274048788,strict_targeted_mode,True,eligible_for_group_peak
W045,W045_Je_earlier_minus_Jw_earlier,1,target_mode_high,2015,0.4120956317195279,-0.24820313221124762,0.2785526274048788,strict_targeted_mode,True,eligible_for_group_peak
W045,W045_Je_earlier_minus_Jw_earlier,1,target_mode_high,2016,0.54808009973219,-0.24820313221124762,0.2785526274048788,strict_targeted_mode,True,eligible_for_group_peak
W045,W045_Je_earlier_minus_Jw_earlier,1,target_mode_high,2017,0.5440365465631852,-0.24820313221124762,0.2785526274048788,strict_targeted_mode,True,eligible_for_group_peak
W045,W045_Je_earlier_minus_Jw_earlier,1,target_mode_high,2018,1.0094732126456918,-0.24820313221124762,0.2785526274048788,strict_targeted_mode,True,eligible_for_group_peak
W045,W045_Je_earlier_minus_Jw_earlier,1,target_mode_high,2019,0.4017473921541347,-0.24820313221124762,0.2785526274048788,strict_targeted_mode,True,eligible_for_group_peak
W045,W045_Je_earlier_minus_Jw_earlier,1,target_mode_mid,2020,0.18260742103095876,-0.24820313221124762,0.2785526274048788,strict_targeted_mode,True,eligible_for_group_peak
W045,W045_Je_earlier_minus_Jw_earlier,1,target_mode_high,2021,0.835651503158958,-0.24820313221124762,0.2785526274048788,strict_targeted_mode,True,eligible_for_group_peak
W045,W045_Je_earlier_minus_Jw_earlier,1,target_mode_low,2022,-0.8304337784852582,-0.24820313221124762,0.2785526274048788,strict_targeted_mode,True,eligible_for_group_peak
W045,W045_Je_earlier_minus_Jw_earlier,1,target_mode_high,2023,1.0921041899290362,-0.24820313221124762,0.2785526274048788,strict_targeted_mode,True,eligible_for_group_peak
W045,W045_P_earlier_minus_Je_earlier,1,target_mode_high,1979,0.5761623399351485,-0.26065418683954467,0.24199270520529395,not_supported,False,targeted_mode_not_eligible_for_group_peak
W045,W045_P_earlier_minus_Je_earlier,1,target_mode_high,1980,0.4471493341873731,-0.26065418683954467,0.24199270520529395,not_supported,False,targeted_mode_not_eligible_for_group_peak
W045,W045_P_earlier_minus_Je_earlier,1,target_mode_mid,1981,0.11228718155271625,-0.26065418683954467,0.24199270520529395,not_supported,False,targeted_mode_not_eligible_for_group_peak
W045,W045_P_earlier_minus_Je_earlier,1,target_mode_mid,1982,0.05338891862386501,-0.26065418683954467,0.24199270520529395,not_supported,False,targeted_mode_not_eligible_for_group_peak
W045,W045_P_earlier_minus_Je_earlier,1,target_mode_mid,1983,0.07427390104851203,-0.26065418683954467,0.24199270520529395,not_supported,False,targeted_mode_not_eligible_for_group_peak
W045,W045_P_earlier_minus_Je_earlier,1,target_mode_high,1984,0.6752189601539553,-0.26065418683954467,0.24199270520529395,not_supported,False,targeted_mode_not_eligible_for_group_peak
W045,W045_P_earlier_minus_Je_earlier,1,target_mode_low,1985,-0.7891252551697876,-0.26065418683954467,0.24199270520529395,not_supported,False,targeted_mode_not_eligible_for_group_peak
W045,W045_P_earlier_minus_Je_earlier,1,target_mode_high,1986,0.5132761249593094,-0.26065418683954467,0.24199270520529395,not_supported,False,targeted_mode_not_eligible_for_group_peak
W045,W045_P_earlier_minus_Je_earlier,1,target_mode_mid,1987,0.10180969231148951,-0.26065418683954467,0.24199270520529395,not_supported,False,targeted_mode_not_eligible_for_group_peak
W045,W045_P_earlier_minus_Je_earlier,1,target_mode_low,1988,-0.3934891318537277,-0.26065418683954467,0.24199270520529395,not_supported,False,targeted_mode_not_eligible_for_group_peak
W045,W045_P_earlier_minus_Je_earlier,1,target_mode_high,1989,0.507297209263988,-0.26065418683954467,0.24199270520529395,not_supported,False,targeted_mode_not_eligible_for_group_peak
W045,W045_P_earlier_minus_Je_earlier,1,target_mode_mid,1990,0.23233599379458136,-0.26065418683954467,0.24199270520529395,not_supported,False,targeted_mode_not_eligible_for_group_peak
W045,W045_P_earlier_minus_Je_earlier,1,target_mode_high,1991,0.26130612802671926,-0.26065418683954467,0.24199270520529395,not_supported,False,targeted_mode_not_eligible_for_group_peak
W045,W045_P_earlier_minus_Je_earlier,1,target_mode_mid,1992,0.10527696502320066,-0.26065418683954467,0.24199270520529395,not_supported,False,targeted_mode_not_eligible_for_group_peak
W045,W045_P_earlier_minus_Je_earlier,1,target_mode_mid,1993,-0.25257814167799486,-0.26065418683954467,0.24199270520529395,not_supported,False,targeted_mode_not_eligible_for_group_peak
W045,W045_P_earlier_minus_Je_earlier,1,target_mode_low,1994,-0.2768062771626443,-0.26065418683954467,0.24199270520529395,not_supported,False,targeted_mode_not_eligible_for_group_peak
W045,W045_P_earlier_minus_Je_earlier,1,target_mode_high,1995,0.46681467880868044,-0.26065418683954467,0.24199270520529395,not_supported,False,targeted_mode_not_eligible_for_group_peak
W045,W045_P_earlier_minus_Je_earlier,1,target_mode_high,1996,0.5833803316085213,-0.26065418683954467,0.24199270520529395,not_supported,False,targeted_mode_not_eligible_for_group_peak
W045,W045_P_earlier_minus_Je_earlier,1,target_mode_low,1997,-0.7699703694362985,-0.26065418683954467,0.24199270520529395,not_supported,False,targeted_mode_not_eligible_for_group_peak
W045,W045_P_earlier_minus_Je_earlier,1,target_mode_low,1998,-0.8443101408671391,-0.26065418683954467,0.24199270520529395,not_supported,False,targeted_mode_not_eligible_for_group_peak
W045,W045_P_earlier_minus_Je_earlier,1,target_mode_high,1999,0.33330136991727666,-0.26065418683954467,0.24199270520529395,not_supported,False,targeted_mode_not_eligible_for_group_peak
W045,W045_P_earlier_minus_Je_earlier,1,target_mode_high,2000,1.231083281442721,-0.26065418683954467,0.24199270520529395,not_supported,False,targeted_mode_not_eligible_for_group_peak
W045,W045_P_earlier_minus_Je_earlier,1,target_mode_mid,2001,0.21522168810701992,-0.26065418683954467,0.24199270520529395,not_supported,False,targeted_mode_not_eligible_for_group_peak
W045,W045_P_earlier_minus_Je_earlier,1,target_mode_mid,2002,-0.2522526685649388,-0.26065418683954467,0.24199270520529395,not_supported,False,targeted_mode_not_eligible_for_group_peak
W045,W045_P_earlier_minus_Je_earlier,1,target_mode_low,2003,-0.8435325305996239,-0.26065418683954467,0.24199270520529395,not_supported,False,targeted_mode_not_eligible_for_group_peak
W045,W045_P_earlier_minus_Je_earlier,1,target_mode_high,2004,0.41588741151493225,-0.26065418683954467,0.24199270520529395,not_supported,False,targeted_mode_not_eligible_for_group_peak
W045,W045_P_earlier_minus_Je_earlier,1,target_mode_low,2005,-0.4120241526139429,-0.26065418683954467,0.24199270520529395,not_supported,False,targeted_mode_not_eligible_for_group_peak
W045,W045_P_earlier_minus_Je_earlier,1,target_mode_high,2006,0.4166465637041175,-0.26065418683954467,0.24199270520529395,not_supported,False,targeted_mode_not_eligible_for_group_peak
W045,W045_P_earlier_minus_Je_earlier,1,target_mode_mid,2007,0.11862418541576386,-0.26065418683954467,0.24199270520529395,not_supported,False,targeted_mode_not_eligible_for_group_peak
W045,W045_P_earlier_minus_Je_earlier,1,target_mode_mid,2008,0.15800988512205563,-0.26065418683954467,0.24199270520529395,not_supported,False,targeted_mode_not_eligible_for_group_peak
W045,W045_P_earlier_minus_Je_earlier,1,target_mode_mid,2009,-0.14159351201620823,-0.26065418683954467,0.24199270520529395,not_supported,False,targeted_mode_not_eligible_for_group_peak
W045,W045_P_earlier_minus_Je_earlier,1,target_mode_low,2010,-0.8181291483916965,-0.26065418683954467,0.24199270520529395,not_supported,False,targeted_mode_not_eligible_for_group_peak
W045,W045_P_earlier_minus_Je_earlier,1,target_mode_mid,2011,-0.16210837681813534,-0.26065418683954467,0.24199270520529395,not_supported,False,targeted_mode_not_eligible_for_group_peak
W045,W045_P_earlier_minus_Je_earlier,1,target_mode_high,2012,0.3872847234557986,-0.26065418683954467,0.24199270520529395,not_supported,False,targeted_mode_not_eligible_for_group_peak
W045,W045_P_earlier_minus_Je_earlier,1,target_mode_high,2013,0.6933106942054891,-0.26065418683954467,0.24199270520529395,not_supported,False,targeted_mode_not_eligible_for_group_peak
W045,W045_P_earlier_minus_Je_earlier,1,target_mode_mid,2014,-0.030220538337217946,-0.26065418683954467,0.24199270520529395,not_supported,False,targeted_mode_not_eligible_for_group_peak
W045,W045_P_earlier_minus_Je_earlier,1,target_mode_mid,2015,-0.16638076963656379,-0.26065418683954467,0.24199270520529395,not_supported,False,targeted_mode_not_eligible_for_group_peak
W045,W045_P_earlier_minus_Je_earlier,1,target_mode_low,2016,-0.6308551405891378,-0.26065418683954467,0.24199270520529395,not_supported,False,targeted_mode_not_eligible_for_group_peak
W045,W045_P_earlier_minus_Je_earlier,1,target_mode_low,2017,-0.27979194288653986,-0.26065418683954467,0.24199270520529395,not_supported,False,targeted_mode_not_eligible_for_group_peak
W045,W045_P_earlier_minus_Je_earlier,1,target_mode_low,2018,-0.8177901150594595,-0.26065418683954467,0.24199270520529395,not_supported,False,targeted_mode_not_eligible_for_group_peak
W045,W045_P_earlier_minus_Je_earlier,1,target_mode_low,2019,-0.3073958946444906,-0.26065418683954467,0.24199270520529395,not_supported,False,targeted_mode_not_eligible_for_group_peak
W045,W045_P_earlier_minus_Je_earlier,1,target_mode_low,2020,-0.28713877513648217,-0.26065418683954467,0.24199270520529395,not_supported,False,targeted_mode_not_eligible_for_group_peak
W045,W045_P_earlier_minus_Je_earlier,1,target_mode_low,2021,-0.5809797956142888,-0.26065418683954467,0.24199270520529395,not_supported,False,targeted_mode_not_eligible_for_group_peak
W045,W045_P_earlier_minus_Je_earlier,1,target_mode_high,2022,0.8485839469663462,-0.26065418683954467,0.24199270520529395,not_supported,False,targeted_mode_not_eligible_for_group_peak
W045,W045_P_earlier_minus_Je_earlier,1,target_mode_low,2023,-0.47145883207325096,-0.26065418683954467,0.24199270520529395,not_supported,False,targeted_mode_not_eligible_for_group_peak
W045,W045_P_late_minus_early_peak_influence,1,target_mode_low,1979,-0.4788344385049148,-0.2478482049604275,0.23893254582351278,credible_targeted_mode,True,eligible_for_group_peak
W045,W045_P_late_minus_early_peak_influence,1,target_mode_low,1980,-0.34266522273717154,-0.2478482049604275,0.23893254582351278,credible_targeted_mode,True,eligible_for_group_peak
W045,W045_P_late_minus_early_peak_influence,1,target_mode_low,1981,-0.6856932254639433,-0.2478482049604275,0.23893254582351278,credible_targeted_mode,True,eligible_for_group_peak
W045,W045_P_late_minus_early_peak_influence,1,target_mode_high,1982,0.6207606479523397,-0.2478482049604275,0.23893254582351278,credible_targeted_mode,True,eligible_for_group_peak
W045,W045_P_late_minus_early_peak_influence,1,target_mode_low,1983,-0.37469963897746,-0.2478482049604275,0.23893254582351278,credible_targeted_mode,True,eligible_for_group_peak
W045,W045_P_late_minus_early_peak_influence,1,target_mode_high,1984,0.35617587155859176,-0.2478482049604275,0.23893254582351278,credible_targeted_mode,True,eligible_for_group_peak
W045,W045_P_late_minus_early_peak_influence,1,target_mode_high,1985,1.1220301498852474,-0.2478482049604275,0.23893254582351278,credible_targeted_mode,True,eligible_for_group_peak
W045,W045_P_late_minus_early_peak_influence,1,target_mode_low,1986,-0.7338554270572641,-0.2478482049604275,0.23893254582351278,credible_targeted_mode,True,eligible_for_group_peak
W045,W045_P_late_minus_early_peak_influence,1,target_mode_mid,1987,-0.24334710043189112,-0.2478482049604275,0.23893254582351278,credible_targeted_mode,True,eligible_for_group_peak
W045,W045_P_late_minus_early_peak_influence,1,target_mode_high,1988,0.3584037715574665,-0.2478482049604275,0.23893254582351278,credible_targeted_mode,True,eligible_for_group_peak
W045,W045_P_late_minus_early_peak_influence,1,target_mode_high,1989,0.42996398209289277,-0.2478482049604275,0.23893254582351278,credible_targeted_mode,True,eligible_for_group_peak
W045,W045_P_late_minus_early_peak_influence,1,target_mode_mid,1990,0.07671039184849049,-0.2478482049604275,0.23893254582351278,credible_targeted_mode,True,eligible_for_group_peak
W045,W045_P_late_minus_early_peak_influence,1,target_mode_low,1991,-0.5253934485085583,-0.2478482049604275,0.23893254582351278,credible_targeted_mode,True,eligible_for_group_peak
W045,W045_P_late_minus_early_peak_influence,1,target_mode_mid,1992,0.2365765466657336,-0.2478482049604275,0.23893254582351278,credible_targeted_mode,True,eligible_for_group_peak
W045,W045_P_late_minus_early_peak_influence,1,target_mode_high,1993,0.4080497914603197,-0.2478482049604275,0.23893254582351278,credible_targeted_mode,True,eligible_for_group_peak
W045,W045_P_late_minus_early_peak_influence,1,target_mode_mid,1994,0.17969167558244714,-0.2478482049604275,0.23893254582351278,credible_targeted_mode,True,eligible_for_group_peak
W045,W045_P_late_minus_early_peak_influence,1,target_mode_low,1995,-0.8092558876614817,-0.2478482049604275,0.23893254582351278,credible_targeted_mode,True,eligible_for_group_peak
W045,W045_P_late_minus_early_peak_influence,1,target_mode_mid,1996,-0.12895446197441443,-0.2478482049604275,0.23893254582351278,credible_targeted_mode,True,eligible_for_group_peak
W045,W045_P_late_minus_early_peak_influence,1,target_mode_high,1997,0.5142235920048137,-0.2478482049604275,0.23893254582351278,credible_targeted_mode,True,eligible_for_group_peak
W045,W045_P_late_minus_early_peak_influence,1,target_mode_mid,1998,-0.2401037524779006,-0.2478482049604275,0.23893254582351278,credible_targeted_mode,True,eligible_for_group_peak
W045,W045_P_late_minus_early_peak_influence,1,target_mode_high,1999,0.33483913533178,-0.2478482049604275,0.23893254582351278,credible_targeted_mode,True,eligible_for_group_peak
W045,W045_P_late_minus_early_peak_influence,1,target_mode_low,2000,-0.8261225984289275,-0.2478482049604275,0.23893254582351278,credible_targeted_mode,True,eligible_for_group_peak
W045,W045_P_late_minus_early_peak_influence,1,target_mode_low,2001,-0.4263129754696805,-0.2478482049604275,0.23893254582351278,credible_targeted_mode,True,eligible_for_group_peak
W045,W045_P_late_minus_early_peak_influence,1,target_mode_mid,2002,-0.20724541297541366,-0.2478482049604275,0.23893254582351278,credible_targeted_mode,True,eligible_for_group_peak
W045,W045_P_late_minus_early_peak_influence,1,target_mode_mid,2003,0.1809294467885022,-0.2478482049604275,0.23893254582351278,credible_targeted_mode,True,eligible_for_group_peak
W045,W045_P_late_minus_early_peak_influence,1,target_mode_mid,2004,-0.10672970918811381,-0.2478482049604275,0.23893254582351278,credible_targeted_mode,True,eligible_for_group_peak
W045,W045_P_late_minus_early_peak_influence,1,target_mode_high,2005,0.27639660365988983,-0.2478482049604275,0.23893254582351278,credible_targeted_mode,True,eligible_for_group_peak
W045,W045_P_late_minus_early_peak_influence,1,target_mode_mid,2006,-0.17442619249958924,-0.2478482049604275,0.23893254582351278,credible_targeted_mode,True,eligible_for_group_peak
W045,W045_P_late_minus_early_peak_influence,1,target_mode_mid,2007,-0.06380397805182728,-0.2478482049604275,0.23893254582351278,credible_targeted_mode,True,eligible_for_group_peak
W045,W045_P_late_minus_early_peak_influence,1,target_mode_low,2008,-0.3226852603531315,-0.2478482049604275,0.23893254582351278,credible_targeted_mode,True,eligible_for_group_peak
W045,W045_P_late_minus_early_peak_influence,1,target_mode_high,2009,1.0108946377893853,-0.2478482049604275,0.23893254582351278,credible_targeted_mode,True,eligible_for_group_peak
W045,W045_P_late_minus_early_peak_influence,1,target_mode_mid,2010,0.2350888897783347,-0.2478482049604275,0.23893254582351278,credible_targeted_mode,True,eligible_for_group_peak
W045,W045_P_late_minus_early_peak_influence,1,target_mode_mid,2011,0.04256714922389978,-0.2478482049604275,0.23893254582351278,credible_targeted_mode,True,eligible_for_group_peak
W045,W045_P_late_minus_early_peak_influence,1,target_mode_low,2012,-0.25685041401750025,-0.2478482049604275,0.23893254582351278,credible_targeted_mode,True,eligible_for_group_peak
W045,W045_P_late_minus_early_peak_influence,1,target_mode_mid,2013,-0.0035012569443191466,-0.2478482049604275,0.23893254582351278,credible_targeted_mode,True,eligible_for_group_peak
W045,W045_P_late_minus_early_peak_influence,1,target_mode_high,2014,0.3235294451251945,-0.2478482049604275,0.23893254582351278,credible_targeted_mode,True,eligible_for_group_peak
W045,W045_P_late_minus_early_peak_influence,1,target_mode_high,2015,0.39584592348978986,-0.2478482049604275,0.23893254582351278,credible_targeted_mode,True,eligible_for_group_peak
W045,W045_P_late_minus_early_peak_influence,1,target_mode_low,2016,-0.2679495858736507,-0.2478482049604275,0.23893254582351278,credible_targeted_mode,True,eligible_for_group_peak
W045,W045_P_late_minus_early_peak_influence,1,target_mode_low,2017,-0.38697867199125346,-0.2478482049604275,0.23893254582351278,credible_targeted_mode,True,eligible_for_group_peak
W045,W045_P_late_minus_early_peak_influence,1,target_mode_high,2018,0.24364454413907113,-0.2478482049604275,0.23893254582351278,credible_targeted_mode,True,eligible_for_group_peak
W045,W045_P_late_minus_early_peak_influence,1,target_mode_mid,2019,-0.07292774609634509,-0.2478482049604275,0.23893254582351278,credible_targeted_mode,True,eligible_for_group_peak
W045,W045_P_late_minus_early_peak_influence,1,target_mode_high,2020,0.27607367955427065,-0.2478482049604275,0.23893254582351278,credible_targeted_mode,True,eligible_for_group_peak
W045,W045_P_late_minus_early_peak_influence,1,target_mode_high,2021,0.742663451111667,-0.2478482049604275,0.23893254582351278,credible_targeted_mode,True,eligible_for_group_peak
W045,W045_P_late_minus_early_peak_influence,1,target_mode_low,2022,-0.2608756749979002,-0.2478482049604275,0.23893254582351278,credible_targeted_mode,True,eligible_for_group_peak
W045,W045_P_late_minus_early_peak_influence,1,target_mode_low,2023,-0.42584724591746376,-0.2478482049604275,0.23893254582351278,credible_targeted_mode,True,eligible_for_group_peak
W045,W045_Jw_late_minus_early_peak_influence,1,target_mode_low,1979,-0.8401753020673959,-0.19186559753878077,0.225391054476127,credible_targeted_mode,True,eligible_for_group_peak
W045,W045_Jw_late_minus_early_peak_influence,1,target_mode_high,1980,0.39893844797048605,-0.19186559753878077,0.225391054476127,credible_targeted_mode,True,eligible_for_group_peak
W045,W045_Jw_late_minus_early_peak_influence,1,target_mode_low,1981,-0.4825688507576448,-0.19186559753878077,0.225391054476127,credible_targeted_mode,True,eligible_for_group_peak
W045,W045_Jw_late_minus_early_peak_influence,1,target_mode_low,1982,-1.2314976747850555,-0.19186559753878077,0.225391054476127,credible_targeted_mode,True,eligible_for_group_peak
W045,W045_Jw_late_minus_early_peak_influence,1,target_mode_high,1983,0.22856496697068368,-0.19186559753878077,0.225391054476127,credible_targeted_mode,True,eligible_for_group_peak
W045,W045_Jw_late_minus_early_peak_influence,1,target_mode_low,1984,-0.33487517292445257,-0.19186559753878077,0.225391054476127,credible_targeted_mode,True,eligible_for_group_peak
W045,W045_Jw_late_minus_early_peak_influence,1,target_mode_low,1985,-0.41039609215480066,-0.19186559753878077,0.225391054476127,credible_targeted_mode,True,eligible_for_group_peak
W045,W045_Jw_late_minus_early_peak_influence,1,target_mode_mid,1986,-0.07427613359611922,-0.19186559753878077,0.225391054476127,credible_targeted_mode,True,eligible_for_group_peak
W045,W045_Jw_late_minus_early_peak_influence,1,target_mode_high,1987,0.38955749593085676,-0.19186559753878077,0.225391054476127,credible_targeted_mode,True,eligible_for_group_peak
W045,W045_Jw_late_minus_early_peak_influence,1,target_mode_mid,1988,0.2238040982288487,-0.19186559753878077,0.225391054476127,credible_targeted_mode,True,eligible_for_group_peak
W045,W045_Jw_late_minus_early_peak_influence,1,target_mode_mid,1989,-0.08474780660492884,-0.19186559753878077,0.225391054476127,credible_targeted_mode,True,eligible_for_group_peak
W045,W045_Jw_late_minus_early_peak_influence,1,target_mode_mid,1990,-0.018681664013995278,-0.19186559753878077,0.225391054476127,credible_targeted_mode,True,eligible_for_group_peak
W045,W045_Jw_late_minus_early_peak_influence,1,target_mode_high,1991,1.5866836666743105,-0.19186559753878077,0.225391054476127,credible_targeted_mode,True,eligible_for_group_peak
W045,W045_Jw_late_minus_early_peak_influence,1,target_mode_low,1992,-1.2942828502848158,-0.19186559753878077,0.225391054476127,credible_targeted_mode,True,eligible_for_group_peak
W045,W045_Jw_late_minus_early_peak_influence,1,target_mode_low,1993,-0.8027718622794753,-0.19186559753878077,0.225391054476127,credible_targeted_mode,True,eligible_for_group_peak
W045,W045_Jw_late_minus_early_peak_influence,1,target_mode_high,1994,0.4588569294414204,-0.19186559753878077,0.225391054476127,credible_targeted_mode,True,eligible_for_group_peak
W045,W045_Jw_late_minus_early_peak_influence,1,target_mode_mid,1995,0.14896472905915994,-0.19186559753878077,0.225391054476127,credible_targeted_mode,True,eligible_for_group_peak
W045,W045_Jw_late_minus_early_peak_influence,1,target_mode_mid,1996,-0.10490266898612544,-0.19186559753878077,0.225391054476127,credible_targeted_mode,True,eligible_for_group_peak
W045,W045_Jw_late_minus_early_peak_influence,1,target_mode_low,1997,-1.185856640493465,-0.19186559753878077,0.225391054476127,credible_targeted_mode,True,eligible_for_group_peak
W045,W045_Jw_late_minus_early_peak_influence,1,target_mode_high,1998,0.479356482684131,-0.19186559753878077,0.225391054476127,credible_targeted_mode,True,eligible_for_group_peak
W045,W045_Jw_late_minus_early_peak_influence,1,target_mode_high,1999,0.8999655882334652,-0.19186559753878077,0.225391054476127,credible_targeted_mode,True,eligible_for_group_peak
W045,W045_Jw_late_minus_early_peak_influence,1,target_mode_low,2000,-0.2790863966021674,-0.19186559753878077,0.225391054476127,credible_targeted_mode,True,eligible_for_group_peak
W045,W045_Jw_late_minus_early_peak_influence,1,target_mode_mid,2001,0.01795018768050998,-0.19186559753878077,0.225391054476127,credible_targeted_mode,True,eligible_for_group_peak
W045,W045_Jw_late_minus_early_peak_influence,1,target_mode_mid,2002,-0.18653786319108623,-0.19186559753878077,0.225391054476127,credible_targeted_mode,True,eligible_for_group_peak
W045,W045_Jw_late_minus_early_peak_influence,1,target_mode_low,2003,-0.3068937871798987,-0.19186559753878077,0.225391054476127,credible_targeted_mode,True,eligible_for_group_peak
W045,W045_Jw_late_minus_early_peak_influence,1,target_mode_low,2004,-0.20976722374715692,-0.19186559753878077,0.225391054476127,credible_targeted_mode,True,eligible_for_group_peak
W045,W045_Jw_late_minus_early_peak_influence,1,target_mode_mid,2005,-0.027552854958081484,-0.19186559753878077,0.225391054476127,credible_targeted_mode,True,eligible_for_group_peak
W045,W045_Jw_late_minus_early_peak_influence,1,target_mode_mid,2006,-0.12285839689935799,-0.19186559753878077,0.225391054476127,credible_targeted_mode,True,eligible_for_group_peak
W045,W045_Jw_late_minus_early_peak_influence,1,target_mode_low,2007,-0.3827756793129553,-0.19186559753878077,0.225391054476127,credible_targeted_mode,True,eligible_for_group_peak
W045,W045_Jw_late_minus_early_peak_influence,1,target_mode_high,2008,0.28216041512000256,-0.19186559753878077,0.225391054476127,credible_targeted_mode,True,eligible_for_group_peak
W045,W045_Jw_late_minus_early_peak_influence,1,target_mode_mid,2009,-0.04139998191930523,-0.19186559753878077,0.225391054476127,credible_targeted_mode,True,eligible_for_group_peak
W045,W045_Jw_late_minus_early_peak_influence,1,target_mode_mid,2010,0.18676455738764242,-0.19186559753878077,0.225391054476127,credible_targeted_mode,True,eligible_for_group_peak
W045,W045_Jw_late_minus_early_peak_influence,1,target_mode_low,2011,-0.20252106623416982,-0.19186559753878077,0.225391054476127,credible_targeted_mode,True,eligible_for_group_peak
W045,W045_Jw_late_minus_early_peak_influence,1,target_mode_low,2012,-0.22350235184966877,-0.19186559753878077,0.225391054476127,credible_targeted_mode,True,eligible_for_group_peak
W045,W045_Jw_late_minus_early_peak_influence,1,target_mode_mid,2013,-0.07436453205050042,-0.19186559753878077,0.225391054476127,credible_targeted_mode,True,eligible_for_group_peak
W045,W045_Jw_late_minus_early_peak_influence,1,target_mode_mid,2014,-0.14633185830894002,-0.19186559753878077,0.225391054476127,credible_targeted_mode,True,eligible_for_group_peak
W045,W045_Jw_late_minus_early_peak_influence,1,target_mode_high,2015,0.44817527144648817,-0.19186559753878077,0.225391054476127,credible_targeted_mode,True,eligible_for_group_peak
W045,W045_Jw_late_minus_early_peak_influence,1,target_mode_high,2016,0.5164722799329559,-0.19186559753878077,0.225391054476127,credible_targeted_mode,True,eligible_for_group_peak
W045,W045_Jw_late_minus_early_peak_influence,1,target_mode_high,2017,0.34100066076047286,-0.19186559753878077,0.225391054476127,credible_targeted_mode,True,eligible_for_group_peak
W045,W045_Jw_late_minus_early_peak_influence,1,target_mode_high,2018,1.0210359023228708,-0.19186559753878077,0.225391054476127,credible_targeted_mode,True,eligible_for_group_peak
W045,W045_Jw_late_minus_early_peak_influence,1,target_mode_high,2019,0.30748259340683354,-0.19186559753878077,0.225391054476127,credible_targeted_mode,True,eligible_for_group_peak
W045,W045_Jw_late_minus_early_peak_influence,1,target_mode_mid,2020,0.015023817877354493,-0.19186559753878077,0.225391054476127,credible_targeted_mode,True,eligible_for_group_peak
W045,W045_Jw_late_minus_early_peak_influence,1,target_mode_high,2021,1.0295629595855136,-0.19186559753878077,0.225391054476127,credible_targeted_mode,True,eligible_for_group_peak
W045,W045_Jw_late_minus_early_peak_influence,1,target_mode_low,2022,-0.6948432373637358,-0.19186559753878077,0.225391054476127,credible_targeted_mode,True,eligible_for_group_peak
W045,W045_Jw_late_minus_early_peak_influence,1,target_mode_high,2023,0.7831468978512826,-0.19186559753878077,0.225391054476127,credible_targeted_mode,True,eligible_for_group_peak
W045,W045_Je_late_minus_early_peak_influence,1,target_mode_mid,1979,0.22772676979974787,-0.19961579549766081,0.27363603982840334,usable_targeted_mode,True,eligible_for_group_peak
W045,W045_Je_late_minus_early_peak_influence,1,target_mode_mid,1980,0.1735170810148863,-0.19961579549766081,0.27363603982840334,usable_targeted_mode,True,eligible_for_group_peak
W045,W045_Je_late_minus_early_peak_influence,1,target_mode_low,1981,-0.5646832564382844,-0.19961579549766081,0.27363603982840334,usable_targeted_mode,True,eligible_for_group_peak
W045,W045_Je_late_minus_early_peak_influence,1,target_mode_high,1982,0.48645324066149703,-0.19961579549766081,0.27363603982840334,usable_targeted_mode,True,eligible_for_group_peak
W045,W045_Je_late_minus_early_peak_influence,1,target_mode_mid,1983,-0.18698191127051084,-0.19961579549766081,0.27363603982840334,usable_targeted_mode,True,eligible_for_group_peak
W045,W045_Je_late_minus_early_peak_influence,1,target_mode_high,1984,0.7509552846698266,-0.19961579549766081,0.27363603982840334,usable_targeted_mode,True,eligible_for_group_peak
W045,W045_Je_late_minus_early_peak_influence,1,target_mode_high,1985,0.2738337692350172,-0.19961579549766081,0.27363603982840334,usable_targeted_mode,True,eligible_for_group_peak
W045,W045_Je_late_minus_early_peak_influence,1,target_mode_mid,1986,0.02559550942867771,-0.19961579549766081,0.27363603982840334,usable_targeted_mode,True,eligible_for_group_peak
W045,W045_Je_late_minus_early_peak_influence,1,target_mode_mid,1987,0.01300289018677239,-0.19961579549766081,0.27363603982840334,usable_targeted_mode,True,eligible_for_group_peak
W045,W045_Je_late_minus_early_peak_influence,1,target_mode_mid,1988,0.009123611695966295,-0.19961579549766081,0.27363603982840334,usable_targeted_mode,True,eligible_for_group_peak
W045,W045_Je_late_minus_early_peak_influence,1,target_mode_high,1989,0.8431162322485195,-0.19961579549766081,0.27363603982840334,usable_targeted_mode,True,eligible_for_group_peak
W045,W045_Je_late_minus_early_peak_influence,1,target_mode_high,1990,0.3453209182669067,-0.19961579549766081,0.27363603982840334,usable_targeted_mode,True,eligible_for_group_peak
W045,W045_Je_late_minus_early_peak_influence,1,target_mode_low,1991,-0.2643748727676974,-0.19961579549766081,0.27363603982840334,usable_targeted_mode,True,eligible_for_group_peak
W045,W045_Je_late_minus_early_peak_influence,1,target_mode_high,1992,0.40766877014366076,-0.19961579549766081,0.27363603982840334,usable_targeted_mode,True,eligible_for_group_peak
W045,W045_Je_late_minus_early_peak_influence,1,target_mode_high,1993,0.35773145375607596,-0.19961579549766081,0.27363603982840334,usable_targeted_mode,True,eligible_for_group_peak
W045,W045_Je_late_minus_early_peak_influence,1,target_mode_mid,1994,-0.13077890482720284,-0.19961579549766081,0.27363603982840334,usable_targeted_mode,True,eligible_for_group_peak
W045,W045_Je_late_minus_early_peak_influence,1,target_mode_mid,1995,-0.015509200406362245,-0.19961579549766081,0.27363603982840334,usable_targeted_mode,True,eligible_for_group_peak
W045,W045_Je_late_minus_early_peak_influence,1,target_mode_high,1996,0.49834611772639104,-0.19961579549766081,0.27363603982840334,usable_targeted_mode,True,eligible_for_group_peak
W045,W045_Je_late_minus_early_peak_influence,1,target_mode_low,1997,-0.5492684134802466,-0.19961579549766081,0.27363603982840334,usable_targeted_mode,True,eligible_for_group_peak
W045,W045_Je_late_minus_early_peak_influence,1,target_mode_low,1998,-1.2980661343207998,-0.19961579549766081,0.27363603982840334,usable_targeted_mode,True,eligible_for_group_peak
W045,W045_Je_late_minus_early_peak_influence,1,target_mode_high,1999,0.7051755676540892,-0.19961579549766081,0.27363603982840334,usable_targeted_mode,True,eligible_for_group_peak
W045,W045_Je_late_minus_early_peak_influence,1,target_mode_high,2000,0.5664279380844846,-0.19961579549766081,0.27363603982840334,usable_targeted_mode,True,eligible_for_group_peak
W045,W045_Je_late_minus_early_peak_influence,1,target_mode_low,2001,-0.2290468516846056,-0.19961579549766081,0.27363603982840334,usable_targeted_mode,True,eligible_for_group_peak
W045,W045_Je_late_minus_early_peak_influence,1,target_mode_low,2002,-0.54273145947097,-0.19961579549766081,0.27363603982840334,usable_targeted_mode,True,eligible_for_group_peak
W045,W045_Je_late_minus_early_peak_influence,1,target_mode_low,2003,-0.7247083246867211,-0.19961579549766081,0.27363603982840334,usable_targeted_mode,True,eligible_for_group_peak
W045,W045_Je_late_minus_early_peak_influence,1,target_mode_mid,2004,0.27353717512509645,-0.19961579549766081,0.27363603982840334,usable_targeted_mode,True,eligible_for_group_peak
W045,W045_Je_late_minus_early_peak_influence,1,target_mode_mid,2005,0.00298965502166942,-0.19961579549766081,0.27363603982840334,usable_targeted_mode,True,eligible_for_group_peak
W045,W045_Je_late_minus_early_peak_influence,1,target_mode_high,2006,0.4448581649097834,-0.19961579549766081,0.27363603982840334,usable_targeted_mode,True,eligible_for_group_peak
W045,W045_Je_late_minus_early_peak_influence,1,target_mode_mid,2007,0.13917473493860444,-0.19961579549766081,0.27363603982840334,usable_targeted_mode,True,eligible_for_group_peak
W045,W045_Je_late_minus_early_peak_influence,1,target_mode_mid,2008,-0.15905096996577273,-0.19961579549766081,0.27363603982840334,usable_targeted_mode,True,eligible_for_group_peak
W045,W045_Je_late_minus_early_peak_influence,1,target_mode_high,2009,0.8049466173424243,-0.19961579549766081,0.27363603982840334,usable_targeted_mode,True,eligible_for_group_peak
W045,W045_Je_late_minus_early_peak_influence,1,target_mode_low,2010,-0.46247885103240394,-0.19961579549766081,0.27363603982840334,usable_targeted_mode,True,eligible_for_group_peak
W045,W045_Je_late_minus_early_peak_influence,1,target_mode_low,2011,-0.22488356395196069,-0.19961579549766081,0.27363603982840334,usable_targeted_mode,True,eligible_for_group_peak
W045,W045_Je_late_minus_early_peak_influence,1,target_mode_mid,2012,0.25797843757605743,-0.19961579549766081,0.27363603982840334,usable_targeted_mode,True,eligible_for_group_peak
W045,W045_Je_late_minus_early_peak_influence,1,target_mode_high,2013,0.7481132519730629,-0.19961579549766081,0.27363603982840334,usable_targeted_mode,True,eligible_for_group_peak
W045,W045_Je_late_minus_early_peak_influence,1,target_mode_high,2014,0.3741715999921797,-0.19961579549766081,0.27363603982840334,usable_targeted_mode,True,eligible_for_group_peak
W045,W045_Je_late_minus_early_peak_influence,1,target_mode_mid,2015,0.011765965854540055,-0.19961579549766081,0.27363603982840334,usable_targeted_mode,True,eligible_for_group_peak
W045,W045_Je_late_minus_early_peak_influence,1,target_mode_low,2016,-1.0629727560052489,-0.19961579549766081,0.27363603982840334,usable_targeted_mode,True,eligible_for_group_peak
W045,W045_Je_late_minus_early_peak_influence,1,target_mode_low,2017,-0.8072852224938261,-0.19961579549766081,0.27363603982840334,usable_targeted_mode,True,eligible_for_group_peak
W045,W045_Je_late_minus_early_peak_influence,1,target_mode_low,2018,-0.5984652113508226,-0.19961579549766081,0.27363603982840334,usable_targeted_mode,True,eligible_for_group_peak
W045,W045_Je_late_minus_early_peak_influence,1,target_mode_low,2019,-0.3652497369200151,-0.19961579549766081,0.27363603982840334,usable_targeted_mode,True,eligible_for_group_peak
W045,W045_Je_late_minus_early_peak_influence,1,target_mode_low,2020,-0.2847387274921134,-0.19961579549766081,0.27363603982840334,usable_targeted_mode,True,eligible_for_group_peak
W045,W045_Je_late_minus_early_peak_influence,1,target_mode_mid,2021,-0.04845628694218383,-0.19961579549766081,0.27363603982840334,usable_targeted_mode,True,eligible_for_group_peak
W045,W045_Je_late_minus_early_peak_influence,1,target_mode_high,2022,0.6123875986273702,-0.19961579549766081,0.27363603982840334,usable_targeted_mode,True,eligible_for_group_peak
W045,W045_Je_late_minus_early_peak_influence,1,target_mode_low,2023,-0.8341877004255294,-0.19961579549766081,0.27363603982840334,usable_targeted_mode,True,eligible_for_group_peak
