window,source_variable,target_variable,source_family,target_family,source_index_type,target_index_type,positive_peak_lag,positive_peak_signed_r,positive_peak_abs_r,lag0_signed_r,lag0_abs_r,p_pos_surrogate,q_pos_within_window,q_pos_global,evidence_tier,lead_lag_label,lead_lag_group,lag_vs_tau0_label,forward_vs_reverse_label,v1_stability_judgement,v1_stability_use_class,v1_stability_interpretation_guardrail,D_pos_0_used,D_pos_neg_used,same_day_coupling_detected,failure_reason,risk_note
S4_equal11,V_strength,P_main_band_share,V,P,old_v1,old_v1,5,0.0826000783576566,0.0826000783576566,0.0518063624832965,0.0518063624832965,0.6383616383616384,0.7470189385083003,0.7470189385083003,Tier5a_no_not_supported,lead_lag_no_not_supported,lead_lag_no,lag_tau0_close_or_coupled,forward_reverse_close_or_uncertain,not_supported,not_candidate,No V1 temporal-eligibility support under the existing V1 classification.,0.006317523122643,0.0196578899146007,False,positive_lag_not_supported,
S4_equal11,V_strength,P_south_band_share_18_24,V,P,old_v1,old_v1,1,0.1470401109396254,0.1470401109396254,0.1428980196525535,0.1428980196525535,0.3066933066933067,0.538344634089315,0.538344634089315,Tier5a_no_not_supported,lead_lag_no_not_supported,lead_lag_no,lag_tau0_close_or_coupled,forward_reverse_close_or_uncertain,not_supported,not_candidate,No V1 temporal-eligibility support under the existing V1 classification.,-0.0148423552235742,0.0338934135687063,False,positive_lag_not_supported,
S4_equal11,V_strength,P_main_minus_south,V,P,old_v1,old_v1,1,-0.0460577919378515,0.0460577919378515,-0.0500197247523217,0.0500197247523217,0.8401598401598401,0.8943637008153138,0.8943637008153138,Tier5a_no_not_supported,lead_lag_no_not_supported,lead_lag_no,lag_tau0_close_or_coupled,forward_reverse_close_or_uncertain,not_supported,not_candidate,No V1 temporal-eligibility support under the existing V1 classification.,-0.010387581343333,-0.0051486505287286,False,positive_lag_not_supported,
S4_equal11,V_strength,P_spread_lat,V,P,old_v1,old_v1,5,-0.0177707423424295,0.0177707423424295,-3.2038078637789206e-05,3.2038078637789206e-05,0.977022977022977,0.977022977022977,0.977022977022977,Tier5a_no_not_supported,lead_lag_no_not_supported,lead_lag_no,lag_tau0_close_or_coupled,forward_reverse_close_or_uncertain,not_supported,not_candidate,No V1 temporal-eligibility support under the existing V1 classification.,0.0032279239299212,-0.0483502360991005,False,positive_lag_not_supported,
S4_equal11,V_strength,P_north_band_share_35_45,V,P,old_v1,old_v1,1,0.1449126007508341,0.1449126007508341,0.1384671761841598,0.1384671761841598,0.2767232767232767,0.5185825410544512,0.5185825410544512,Tier5a_no_not_supported,lead_lag_no_not_supported,lead_lag_no,lag_tau0_close_or_coupled,forward_reverse_close_or_uncertain,not_supported,not_candidate,No V1 temporal-eligibility support under the existing V1 classification.,-0.0142504534131572,0.0125507753109241,False,positive_lag_not_supported,
S4_equal11,V_strength,P_north_minus_main_35_45,V,P,old_v1,old_v1,1,0.0379392991271049,0.0379392991271049,0.0362474561486589,0.0362474561486589,0.8701298701298701,0.9144676979071884,0.9144676979071884,Tier5a_no_not_supported,lead_lag_no_not_supported,lead_lag_no,lag_tau0_close_or_coupled,forward_reverse_close_or_uncertain,not_supported,not_candidate,No V1 temporal-eligibility support under the existing V1 classification.,-0.0132794072694236,-0.0039663797828402,False,positive_lag_not_supported,
S4_equal11,V_strength,P_total_centroid_lat_10_50,V,P,old_v1,old_v1,2,0.2939892830106007,0.2939892830106007,0.2664663730882449,0.2664663730882449,0.0219780219780219,0.1908617698091382,0.1908617698091382,Tier4d_ambiguous_marginal_statistical_support,lead_lag_ambiguous_marginal_statistical_support,lead_lag_ambiguous,lag_tau0_close_or_coupled,stable_forward_over_reverse,not_supported,not_candidate,No V1 temporal-eligibility support under the existing V1 classification.,0.017322752777032,0.0947616066782152,True,marginal_statistical_support,marginal
S4_equal11,V_strength,P_main_28_35_mean,V,P,old_v1,new_v1_1,5,0.1574909503185545,0.1574909503185545,0.1172674510919895,0.1172674510919895,0.2517482517482518,0.5004633920296571,0.5004633920296571,Tier5a_no_not_supported,lead_lag_no_not_supported,lead_lag_no,lag_tau0_close_or_coupled,forward_reverse_close_or_uncertain,not_supported,not_candidate,No V1 temporal-eligibility support under the existing V1 classification.,0.0226241138647008,-0.0677894291811072,False,positive_lag_not_supported,
S4_equal11,V_strength,P_south_10_25_mean,V,P,old_v1,new_v1_1,1,-0.2206354863319578,0.2206354863319578,-0.2028109165571812,0.2028109165571812,0.1088911088911089,0.3473312401883831,0.3473312401883831,Tier5a_no_not_supported,lead_lag_no_not_supported,lead_lag_no,lag_tau0_close_or_coupled,forward_reverse_close_or_uncertain,not_supported,not_candidate,No V1 temporal-eligibility support under the existing V1 classification.,0.0060826893985065,0.0715867590504321,False,positive_lag_not_supported,
S4_equal11,V_strength,P_scs_10_20_mean,V,P,old_v1,new_v1_1,1,-0.2459279045400197,0.2459279045400197,-0.2278149867912113,0.2278149867912113,0.0679320679320679,0.3113553113553113,0.3113553113553113,Tier5a_no_not_supported,lead_lag_no_not_supported,lead_lag_no,lag_tau0_close_or_coupled,forward_reverse_close_or_uncertain,not_supported,not_candidate,No V1 temporal-eligibility support under the existing V1 classification.,0.0001458299751015,0.0641693199809763,False,positive_lag_not_supported,
S4_equal11,V_strength,P_highlat_40_60_mean,V,P,old_v1,new_v1_1,1,0.140888215384124,0.140888215384124,0.1368736750191585,0.1368736750191585,0.3066933066933067,0.538344634089315,0.538344634089315,Tier5a_no_not_supported,lead_lag_no_not_supported,lead_lag_no,lag_tau0_close_or_coupled,forward_reverse_close_or_uncertain,not_supported,not_candidate,No V1 temporal-eligibility support under the existing V1 classification.,-0.0147272304041558,0.027931928282231,False,positive_lag_not_supported,
S4_equal11,V_strength,P_highlat_35_60_mean,V,P,old_v1,new_v1_1,1,0.2048315819839017,0.2048315819839017,0.2197596169178708,0.2197596169178708,0.1168831168831168,0.3473312401883831,0.3473312401883831,Tier5a_no_not_supported,lead_lag_no_not_supported,lead_lag_no,lag_tau0_close_or_coupled,forward_reverse_close_or_uncertain,not_supported,not_candidate,No V1 temporal-eligibility support under the existing V1 classification.,-0.0324911328896678,-0.0131604122251433,False,positive_lag_not_supported,
S4_equal11,V_strength,P_highlat_minus_main,V,P,old_v1,new_v1_1,5,-0.1106715998466785,0.1106715998466785,-0.0512114301085404,0.0512114301085404,0.4435564435564436,0.6508875739644971,0.6508875739644971,Tier5a_no_not_supported,lead_lag_no_not_supported,lead_lag_no,lag_tau0_close_or_coupled,forward_reverse_close_or_uncertain,not_supported,not_candidate,No V1 temporal-eligibility support under the existing V1 classification.,0.0416740543366336,-0.0517927084348568,False,positive_lag_not_supported,
S4_equal11,V_strength,P_south_minus_main,V,P,old_v1,new_v1_1,1,-0.2259621327988001,0.2259621327988001,-0.2135782484366545,0.2135782484366545,0.0909090909090909,0.3409090909090909,0.3409090909090909,Tier5a_no_not_supported,lead_lag_no_not_supported,lead_lag_no,lag_tau0_close_or_coupled,forward_reverse_close_or_uncertain,not_supported,not_candidate,No V1 temporal-eligibility support under the existing V1 classification.,-0.0021940749211583,0.0460625665716759,False,positive_lag_not_supported,
S4_equal11,V_strength,P_south_plus_highlat_minus_main,V,P,old_v1,new_v1_1,2,-0.1869240566228581,0.1869240566228581,-0.1742038571765504,0.1742038571765504,0.1648351648351648,0.3817235396182765,0.3817235396182765,Tier5a_no_not_supported,lead_lag_no_not_supported,lead_lag_no,lag_tau0_close_or_coupled,forward_reverse_close_or_uncertain,not_supported,not_candidate,No V1 temporal-eligibility support under the existing V1 classification.,-0.0102114442341555,0.0388608076767815,False,positive_lag_not_supported,
S4_equal11,V_pos_centroid_lat,P_main_band_share,V,P,old_v1,old_v1,5,-0.1028736187123276,0.1028736187123276,0.1390595792294365,0.1390595792294365,0.4835164835164835,0.6593406593406593,0.6593406593406593,Tier5a_no_not_supported,lead_lag_no_not_supported,lead_lag_no,lag_tau0_close_or_coupled,forward_reverse_close_or_uncertain,not_supported,not_candidate,No V1 temporal-eligibility support under the existing V1 classification.,-0.0549355184631182,-0.1032734657007195,False,positive_lag_not_supported,
S4_equal11,V_pos_centroid_lat,P_south_band_share_18_24,V,P,old_v1,old_v1,2,-0.4575869656323736,0.4575869656323736,-0.3764004565888245,0.3764004565888245,0.0009990009990009,0.0412087912087912,0.0412087912087912,Tier1b_audit_stable_with_same_day,lead_lag_yes_with_same_day_coupling,lead_lag_yes,stable_lag_dominant,stable_forward_over_reverse,stable_lag_dominant,core_stable_lag_candidate,"Positive-lag band is stably stronger than both lag0 and reverse. Still temporal eligibility, not causal proof.",0.0667094786587784,0.1759120446452255,True,,same_day_coupling_present
S4_equal11,V_pos_centroid_lat,P_main_minus_south,V,P,old_v1,old_v1,1,0.3020254119883733,0.3020254119883733,0.308382869890202,0.308382869890202,0.0149850149850149,0.1648351648351648,0.1648351648351648,Tier4d_ambiguous_marginal_statistical_support,lead_lag_ambiguous_marginal_statistical_support,lead_lag_ambiguous,lag_tau0_close_or_coupled,forward_reverse_close_or_uncertain,not_supported,not_candidate,No V1 temporal-eligibility support under the existing V1 classification.,-0.0190368234352203,0.0246840518602293,True,marginal_statistical_support,marginal
S4_equal11,V_pos_centroid_lat,P_spread_lat,V,P,old_v1,old_v1,2,0.4448719149631796,0.4448719149631796,0.3527596577097116,0.3527596577097116,0.0009990009990009,0.0412087912087912,0.0412087912087912,Tier2_main_supported_audit_moderate,lead_lag_yes_with_same_day_coupling,lead_lag_yes,lag_tau0_close_or_coupled,stable_forward_over_reverse,significant_lagged_but_tau0_coupled,temporal_candidate_with_tau0_coupling,"Forward direction is stable versus reverse, but positive lag is not stably stronger than lag0 or has same-day coupling.",0.0644784704197545,0.1706145002785672,True,,same_day_coupling_present
S4_equal11,V_pos_centroid_lat,P_north_band_share_35_45,V,P,old_v1,old_v1,2,0.1988821980776122,0.1988821980776122,0.1758349711634834,0.1758349711634834,0.1048951048951049,0.3473312401883831,0.3473312401883831,Tier5a_no_not_supported,lead_lag_no_not_supported,lead_lag_no,lag_tau0_close_or_coupled,forward_reverse_close_or_uncertain,not_supported,not_candidate,No V1 temporal-eligibility support under the existing V1 classification.,-0.0045509683840143,0.0440091817658272,False,positive_lag_not_supported,
S4_equal11,V_pos_centroid_lat,P_north_minus_main_35_45,V,P,old_v1,old_v1,4,0.1438917930607877,0.1438917930607877,0.0042079355696327,0.0042079355696327,0.2797202797202797,0.5185825410544512,0.5185825410544512,Tier5a_no_not_supported,lead_lag_no_not_supported,lead_lag_no,lag_tau0_close_or_coupled,forward_reverse_close_or_uncertain,not_supported,not_candidate,No V1 temporal-eligibility support under the existing V1 classification.,0.1262415950124041,0.0420874862964764,False,positive_lag_not_supported,
S4_equal11,V_pos_centroid_lat,P_total_centroid_lat_10_50,V,P,old_v1,old_v1,1,0.1363758090784918,0.1363758090784918,0.1941737890588048,0.1941737890588048,0.3446553446553446,0.589668063894868,0.589668063894868,Tier5a_no_not_supported,lead_lag_no_not_supported,lead_lag_no,lag_tau0_close_or_coupled,forward_reverse_close_or_uncertain,not_supported,not_candidate,No V1 temporal-eligibility support under the existing V1 classification.,-0.0815192215668761,-0.1207273444931994,False,positive_lag_not_supported,
S4_equal11,V_pos_centroid_lat,P_main_28_35_mean,V,P,old_v1,new_v1_1,1,0.1738516333097827,0.1738516333097827,0.1636537380542028,0.1636537380542028,0.1868131868131868,0.3943524829600779,0.3943524829600779,Tier5a_no_not_supported,lead_lag_no_not_supported,lead_lag_no,lag_tau0_close_or_coupled,forward_reverse_close_or_uncertain,not_supported,not_candidate,No V1 temporal-eligibility support under the existing V1 classification.,-0.0023088932159426,0.0323362953724898,False,positive_lag_not_supported,
S4_equal11,V_pos_centroid_lat,P_south_10_25_mean,V,P,old_v1,new_v1_1,1,-0.233968354971854,0.233968354971854,-0.3258982466245915,0.3258982466245915,0.0819180819180819,0.3218210361067504,0.3218210361067504,Tier5c_no_same_day_only,lead_lag_no_same_day_only,lead_lag_no,lag_tau0_close_or_coupled,reverse_competitive,not_supported,not_candidate,No V1 temporal-eligibility support under the existing V1 classification.,-0.1131191259561737,-0.162254913142678,True,same_day_only_without_positive_lag_support,same_day_coupling
S4_equal11,V_pos_centroid_lat,P_scs_10_20_mean,V,P,old_v1,new_v1_1,5,0.2607385143788471,0.2607385143788471,-0.120976313405408,0.120976313405408,0.0339660339660339,0.2218934911242603,0.2218934911242603,Tier4d_ambiguous_marginal_statistical_support,lead_lag_ambiguous_marginal_statistical_support,lead_lag_ambiguous,lag_tau0_close_or_coupled,forward_reverse_close_or_uncertain,not_supported,not_candidate,No V1 temporal-eligibility support under the existing V1 classification.,0.1271645800985076,-0.031068816858726,False,marginal_statistical_support,marginal
S4_equal11,V_pos_centroid_lat,P_highlat_40_60_mean,V,P,old_v1,new_v1_1,5,-0.0217237842949944,0.0217237842949944,-0.0201586945358458,0.0201586945358458,0.972027972027972,0.977022977022977,0.977022977022977,Tier5a_no_not_supported,lead_lag_no_not_supported,lead_lag_no,lag_tau0_close_or_coupled,forward_reverse_close_or_uncertain,not_supported,not_candidate,No V1 temporal-eligibility support under the existing V1 classification.,-0.0227240636756946,-0.0591603762472399,False,positive_lag_not_supported,
S4_equal11,V_pos_centroid_lat,P_highlat_35_60_mean,V,P,old_v1,new_v1_1,5,0.0662194715475431,0.0662194715475431,0.0410395838596295,0.0410395838596295,0.7382617382617382,0.8286611347835837,0.8286611347835837,Tier5a_no_not_supported,lead_lag_no_not_supported,lead_lag_no,lag_tau0_close_or_coupled,forward_reverse_close_or_uncertain,not_supported,not_candidate,No V1 temporal-eligibility support under the existing V1 classification.,-0.0034472019573508,0.0270848130704294,False,positive_lag_not_supported,
S4_equal11,V_pos_centroid_lat,P_highlat_minus_main,V,P,old_v1,new_v1_1,1,-0.150934727389918,0.150934727389918,-0.1460048759679779,0.1460048759679779,0.2637362637362637,0.506005622284692,0.506005622284692,Tier5a_no_not_supported,lead_lag_no_not_supported,lead_lag_no,lag_tau0_close_or_coupled,forward_reverse_close_or_uncertain,not_supported,not_candidate,No V1 temporal-eligibility support under the existing V1 classification.,-0.0125991571708516,0.0133246030216223,False,positive_lag_not_supported,
S4_equal11,V_pos_centroid_lat,P_south_minus_main,V,P,old_v1,new_v1_1,1,-0.2663021154841334,0.2663021154841334,-0.3304047569890804,0.3304047569890804,0.0519480519480519,0.2857142857142857,0.2857142857142857,Tier5c_no_same_day_only,lead_lag_no_same_day_only,lead_lag_no,stable_tau0_dominant,reverse_competitive,not_supported,not_candidate,No V1 temporal-eligibility support under the existing V1 classification.,-0.0908887280838325,-0.1038127224576576,True,same_day_only_without_positive_lag_support,same_day_coupling
S4_equal11,V_pos_centroid_lat,P_south_plus_highlat_minus_main,V,P,old_v1,new_v1_1,1,-0.2538162631366323,0.2538162631366323,-0.3165869792857926,0.3165869792857926,0.0469530469530469,0.2728306176582039,0.2728306176582039,Tier5b_no_reverse_dominant,lead_lag_no_reverse_dominant,lead_lag_no,stable_tau0_dominant,reverse_competitive,not_supported,not_candidate,No V1 temporal-eligibility support under the existing V1 classification.,-0.0861514861537129,-0.1074974446855204,True,reverse_lag_dominant,reverse_direction
S4_equal11,V_NS_diff,P_main_band_share,V,P,old_v1,old_v1,1,0.1948440221311049,0.1948440221311049,0.2133736628113195,0.2133736628113195,0.1658341658341658,0.3817235396182765,0.3817235396182765,Tier5a_no_not_supported,lead_lag_no_not_supported,lead_lag_no,lag_tau0_close_or_coupled,forward_reverse_close_or_uncertain,not_supported,not_candidate,No V1 temporal-eligibility support under the existing V1 classification.,-0.0281115346450082,0.0057968865346748,False,positive_lag_not_supported,
S4_equal11,V_NS_diff,P_south_band_share_18_24,V,P,old_v1,old_v1,4,-0.2169650223748369,0.2169650223748369,-0.1033615324117726,0.1033615324117726,0.1118881118881118,0.3473312401883831,0.3473312401883831,Tier5a_no_not_supported,lead_lag_no_not_supported,lead_lag_no,stable_lag_dominant,forward_reverse_close_or_uncertain,not_supported,not_candidate,No V1 temporal-eligibility support under the existing V1 classification.,0.0922260313171772,0.1548852244952892,False,positive_lag_not_supported,
S4_equal11,V_NS_diff,P_main_minus_south,V,P,old_v1,old_v1,1,0.2133547708951709,0.2133547708951709,0.1969912781709916,0.1969912781709916,0.1438561438561438,0.3708791208791209,0.3708791208791209,Tier5a_no_not_supported,lead_lag_no_not_supported,lead_lag_no,lag_tau0_close_or_coupled,forward_reverse_close_or_uncertain,not_supported,not_candidate,No V1 temporal-eligibility support under the existing V1 classification.,-0.0018329901245997,0.0381786583501471,False,positive_lag_not_supported,
S4_equal11,V_NS_diff,P_spread_lat,V,P,old_v1,old_v1,3,0.2502841867203474,0.2502841867203474,0.155224436869621,0.155224436869621,0.0569430569430569,0.2936126373626374,0.2936126373626374,Tier5a_no_not_supported,lead_lag_no_not_supported,lead_lag_no,lag_tau0_close_or_coupled,forward_reverse_close_or_uncertain,not_supported,not_candidate,No V1 temporal-eligibility support under the existing V1 classification.,0.074415054745058,0.1468034441418824,False,positive_lag_not_supported,
S4_equal11,V_NS_diff,P_north_band_share_35_45,V,P,old_v1,old_v1,1,0.1741184377795286,0.1741184377795286,0.1635121645866147,0.1635121645866147,0.1698301698301698,0.3817235396182765,0.3817235396182765,Tier5a_no_not_supported,lead_lag_no_not_supported,lead_lag_no,lag_tau0_close_or_coupled,forward_reverse_close_or_uncertain,not_supported,not_candidate,No V1 temporal-eligibility support under the existing V1 classification.,0.001642332197165,0.0266144638862284,False,positive_lag_not_supported,
S4_equal11,V_NS_diff,P_north_minus_main_35_45,V,P,old_v1,old_v1,5,0.0644686802847083,0.0644686802847083,-0.0622931813960629,0.0622931813960629,0.7142857142857143,0.815081470253884,0.815081470253884,Tier5a_no_not_supported,lead_lag_no_not_supported,lead_lag_no,lag_tau0_close_or_coupled,forward_reverse_close_or_uncertain,not_supported,not_candidate,No V1 temporal-eligibility support under the existing V1 classification.,-0.0099671534623191,0.0063462601129241,False,positive_lag_not_supported,
S4_equal11,V_NS_diff,P_total_centroid_lat_10_50,V,P,old_v1,old_v1,1,0.3206317830969179,0.3206317830969179,0.3377196805531189,0.3377196805531189,0.0119880119880119,0.141287284144427,0.141287284144427,Tier4d_ambiguous_marginal_statistical_support,lead_lag_ambiguous_marginal_statistical_support,lead_lag_ambiguous,lag_tau0_close_or_coupled,forward_reverse_close_or_uncertain,not_supported,not_candidate,No V1 temporal-eligibility support under the existing V1 classification.,-0.0341342640362665,-0.0093736377898708,True,marginal_statistical_support,marginal
S4_equal11,V_NS_diff,P_main_28_35_mean,V,P,old_v1,new_v1_1,2,0.2160583047193585,0.2160583047193585,0.2056563496372169,0.2056563496372169,0.1148851148851148,0.3473312401883831,0.3473312401883831,Tier5a_no_not_supported,lead_lag_no_not_supported,lead_lag_no,lag_tau0_close_or_coupled,forward_reverse_close_or_uncertain,not_supported,not_candidate,No V1 temporal-eligibility support under the existing V1 classification.,-0.006893910638132,0.0270996516963733,False,positive_lag_not_supported,
S4_equal11,V_NS_diff,P_south_10_25_mean,V,P,old_v1,new_v1_1,1,-0.3862015297388069,0.3862015297388069,-0.415972266117143,0.415972266117143,0.0039960039960039,0.0732600732600732,0.0732600732600732,Tier4b_ambiguous_same_day_dominant,lead_lag_ambiguous_same_day_dominant,lead_lag_ambiguous,stable_tau0_dominant,forward_reverse_close_or_uncertain,not_supported,not_candidate,No V1 temporal-eligibility support under the existing V1 classification.,-0.0514755676015533,-0.0151157954412856,True,same_day_exceeds_positive_lag,same_day_dominant
S4_equal11,V_NS_diff,P_scs_10_20_mean,V,P,old_v1,new_v1_1,1,-0.2883984006068124,0.2883984006068124,-0.3392417139396823,0.3392417139396823,0.0309690309690309,0.2129120879120879,0.2129120879120879,Tier4b_ambiguous_same_day_dominant,lead_lag_ambiguous_same_day_dominant,lead_lag_ambiguous,stable_tau0_dominant,forward_reverse_close_or_uncertain,not_supported,not_candidate,No V1 temporal-eligibility support under the existing V1 classification.,-0.0620198170180281,-0.0532752517979984,True,same_day_exceeds_positive_lag,same_day_dominant
S4_equal11,V_NS_diff,P_highlat_40_60_mean,V,P,old_v1,new_v1_1,1,0.0345876430512997,0.0345876430512997,0.0407779699556433,0.0407779699556433,0.8841158841158842,0.9232855751843092,0.9232855751843092,Tier5a_no_not_supported,lead_lag_no_not_supported,lead_lag_no,lag_tau0_close_or_coupled,forward_reverse_close_or_uncertain,not_supported,not_candidate,No V1 temporal-eligibility support under the existing V1 classification.,-0.0160496863180759,0.0085630305095179,False,positive_lag_not_supported,
S4_equal11,V_NS_diff,P_highlat_35_60_mean,V,P,old_v1,new_v1_1,1,0.1107235085799875,0.1107235085799875,0.1218924456245394,0.1218924456245394,0.4615384615384615,0.6508875739644971,0.6508875739644971,Tier5a_no_not_supported,lead_lag_no_not_supported,lead_lag_no,lag_tau0_close_or_coupled,forward_reverse_close_or_uncertain,not_supported,not_candidate,No V1 temporal-eligibility support under the existing V1 classification.,-0.0265653856610204,-0.0146355715684339,False,positive_lag_not_supported,
S4_equal11,V_NS_diff,P_highlat_minus_main,V,P,old_v1,new_v1_1,3,-0.1781668797992859,0.1781668797992859,-0.1601433690293148,0.1601433690293148,0.1988011988011988,0.4100274725274725,0.4100274725274725,Tier5a_no_not_supported,lead_lag_no_not_supported,lead_lag_no,lag_tau0_close_or_coupled,forward_reverse_close_or_uncertain,not_supported,not_candidate,No V1 temporal-eligibility support under the existing V1 classification.,0.0035299472972314,0.0333520723548913,False,positive_lag_not_supported,
S4_equal11,V_NS_diff,P_south_minus_main,V,P,old_v1,new_v1_1,1,-0.4022234432992755,0.4022234432992755,-0.4200571694074546,0.4200571694074546,0.0019980019980019,0.0549450549450549,0.0549450549450549,Tier4b_ambiguous_same_day_dominant,lead_lag_ambiguous_same_day_dominant,lead_lag_ambiguous,stable_tau0_dominant,forward_reverse_close_or_uncertain,not_supported,not_candidate,No V1 temporal-eligibility support under the existing V1 classification.,-0.041794075634933,-0.0077017700416978,True,same_day_exceeds_positive_lag,same_day_dominant
S4_equal11,V_NS_diff,P_south_plus_highlat_minus_main,V,P,old_v1,new_v1_1,1,-0.37339449869522,0.37339449869522,-0.3890043182994967,0.3890043182994967,0.0059940059940059,0.0989010989010989,0.0989010989010989,Tier4b_ambiguous_same_day_dominant,lead_lag_ambiguous_same_day_dominant,lead_lag_ambiguous,stable_tau0_dominant,forward_reverse_close_or_uncertain,not_supported,not_candidate,No V1 temporal-eligibility support under the existing V1 classification.,-0.0294294883741604,0.0102063980561296,True,same_day_exceeds_positive_lag,same_day_dominant
S4_equal11,V_pos_north_edge_lat,P_main_band_share,V,P,new_v1_1,old_v1,2,0.1959977305986846,0.1959977305986846,0.2007336484831277,0.2007336484831277,0.0879120879120879,0.3373370815231281,0.3373370815231281,Tier5c_no_same_day_only,lead_lag_no_same_day_only,lead_lag_no,lag_tau0_close_or_coupled,forward_reverse_close_or_uncertain,not_supported,not_candidate,No V1 temporal-eligibility support under the existing V1 classification.,-0.0295543254478427,-0.0432948934817816,True,same_day_only_without_positive_lag_support,same_day_coupling
S4_equal11,V_pos_north_edge_lat,P_south_band_share_18_24,V,P,new_v1_1,old_v1,2,-0.1043839199442404,0.1043839199442404,-0.0587792292690026,0.0587792292690026,0.4345654345654345,0.6508875739644971,0.6508875739644971,Tier5a_no_not_supported,lead_lag_no_not_supported,lead_lag_no,lag_tau0_close_or_coupled,forward_reverse_close_or_uncertain,not_supported,not_candidate,No V1 temporal-eligibility support under the existing V1 classification.,0.0274512648736001,0.0629717011812575,False,positive_lag_not_supported,
S4_equal11,V_pos_north_edge_lat,P_main_minus_south,V,P,new_v1_1,old_v1,2,0.1864475335614289,0.1864475335614289,0.1629210147815516,0.1629210147815516,0.1108891108891109,0.3473312401883831,0.3473312401883831,Tier5a_no_not_supported,lead_lag_no_not_supported,lead_lag_no,lag_tau0_close_or_coupled,forward_reverse_close_or_uncertain,not_supported,not_candidate,No V1 temporal-eligibility support under the existing V1 classification.,-0.0050863618104691,-0.0009205583928389,False,positive_lag_not_supported,
S4_equal11,V_pos_north_edge_lat,P_spread_lat,V,P,new_v1_1,old_v1,1,-0.1040597442584814,0.1040597442584814,-0.1378641375852438,0.1378641375852438,0.4755244755244755,0.6593406593406593,0.6593406593406593,Tier5a_no_not_supported,lead_lag_no_not_supported,lead_lag_no,lag_tau0_close_or_coupled,forward_reverse_close_or_uncertain,not_supported,not_candidate,No V1 temporal-eligibility support under the existing V1 classification.,-0.0566864494118307,-0.0756958909094164,False,positive_lag_not_supported,
S4_equal11,V_pos_north_edge_lat,P_north_band_share_35_45,V,P,new_v1_1,old_v1,5,-0.1069668277450444,0.1069668277450444,-0.1412158088669506,0.1412158088669506,0.4375624375624375,0.6508875739644971,0.6508875739644971,Tier5a_no_not_supported,lead_lag_no_not_supported,lead_lag_no,lag_tau0_close_or_coupled,forward_reverse_close_or_uncertain,not_supported,not_candidate,No V1 temporal-eligibility support under the existing V1 classification.,-0.0683469006770141,-0.1466815066557952,False,positive_lag_not_supported,
S4_equal11,V_pos_north_edge_lat,P_north_minus_main_35_45,V,P,new_v1_1,old_v1,1,-0.1774907979089511,0.1774907979089511,-0.2157349041970782,0.2157349041970782,0.1178821178821178,0.3473312401883831,0.3473312401883831,Tier5c_no_same_day_only,lead_lag_no_same_day_only,lead_lag_no,lag_tau0_close_or_coupled,forward_reverse_close_or_uncertain,not_supported,not_candidate,No V1 temporal-eligibility support under the existing V1 classification.,-0.0546617552138213,-0.1187237252583577,True,same_day_only_without_positive_lag_support,same_day_coupling
S4_equal11,V_pos_north_edge_lat,P_total_centroid_lat_10_50,V,P,new_v1_1,old_v1,1,0.0842194350285772,0.0842194350285772,0.0505982642141885,0.0505982642141885,0.5784215784215784,0.721153846153846,0.721153846153846,Tier5a_no_not_supported,lead_lag_no_not_supported,lead_lag_no,lag_tau0_close_or_coupled,forward_reverse_close_or_uncertain,not_supported,not_candidate,No V1 temporal-eligibility support under the existing V1 classification.,0.007241470796765,0.0175871435733008,False,positive_lag_not_supported,
S4_equal11,V_pos_north_edge_lat,P_main_28_35_mean,V,P,new_v1_1,new_v1_1,5,0.081528187609909,0.081528187609909,0.0716931212344472,0.0716931212344472,0.5944055944055944,0.721153846153846,0.721153846153846,Tier5a_no_not_supported,lead_lag_no_not_supported,lead_lag_no,lag_tau0_close_or_coupled,forward_reverse_close_or_uncertain,not_supported,not_candidate,No V1 temporal-eligibility support under the existing V1 classification.,-0.017370646368669,-0.133057907548553,False,positive_lag_not_supported,
S4_equal11,V_pos_north_edge_lat,P_south_10_25_mean,V,P,new_v1_1,new_v1_1,5,-0.0565851792125257,0.0565851792125257,-0.0165786925706271,0.0165786925706271,0.7682317682317682,0.845054945054945,0.845054945054945,Tier5a_no_not_supported,lead_lag_no_not_supported,lead_lag_no,lag_tau0_close_or_coupled,forward_reverse_close_or_uncertain,not_supported,not_candidate,No V1 temporal-eligibility support under the existing V1 classification.,0.0069884346974677,-0.1018526302309203,False,positive_lag_not_supported,
S4_equal11,V_pos_north_edge_lat,P_scs_10_20_mean,V,P,new_v1_1,new_v1_1,1,-0.0668136142766449,0.0668136142766449,-0.0604284249565082,0.0604284249565082,0.7162837162837162,0.815081470253884,0.815081470253884,Tier5a_no_not_supported,lead_lag_no_not_supported,lead_lag_no,lag_tau0_close_or_coupled,forward_reverse_close_or_uncertain,not_supported,not_candidate,No V1 temporal-eligibility support under the existing V1 classification.,-0.0111313064186569,-0.0775488824319888,False,positive_lag_not_supported,
S4_equal11,V_pos_north_edge_lat,P_highlat_40_60_mean,V,P,new_v1_1,new_v1_1,2,0.1809844368032287,0.1809844368032287,0.0416693923721764,0.0416693923721764,0.1228771228771228,0.3556969346443031,0.3556969346443031,Tier5a_no_not_supported,lead_lag_no_not_supported,lead_lag_no,lag_tau0_close_or_coupled,forward_reverse_close_or_uncertain,not_supported,not_candidate,No V1 temporal-eligibility support under the existing V1 classification.,0.1187355306788815,-0.066249231071284,False,positive_lag_not_supported,
S4_equal11,V_pos_north_edge_lat,P_highlat_35_60_mean,V,P,new_v1_1,new_v1_1,2,0.0997330347017297,0.0997330347017297,-0.0191099154033848,0.0191099154033848,0.4585414585414585,0.6508875739644971,0.6508875739644971,Tier5a_no_not_supported,lead_lag_no_not_supported,lead_lag_no,lag_tau0_close_or_coupled,forward_reverse_close_or_uncertain,not_supported,not_candidate,No V1 temporal-eligibility support under the existing V1 classification.,0.0482068028129441,-0.1108210129001534,False,positive_lag_not_supported,
S4_equal11,V_pos_north_edge_lat,P_highlat_minus_main,V,P,new_v1_1,new_v1_1,5,-0.0200946270002457,0.0200946270002457,-0.0461368317466675,0.0461368317466675,0.977022977022977,0.977022977022977,0.977022977022977,Tier5a_no_not_supported,lead_lag_no_not_supported,lead_lag_no,lag_tau0_close_or_coupled,forward_reverse_close_or_uncertain,not_supported,not_candidate,No V1 temporal-eligibility support under the existing V1 classification.,-0.0482249491733916,-0.2558369826107368,False,positive_lag_not_supported,
S4_equal11,V_pos_north_edge_lat,P_south_minus_main,V,P,new_v1_1,new_v1_1,5,-0.0847890313913112,0.0847890313913112,-0.0495236351311953,0.0495236351311953,0.5904095904095904,0.721153846153846,0.721153846153846,Tier5a_no_not_supported,lead_lag_no_not_supported,lead_lag_no,lag_tau0_close_or_coupled,forward_reverse_close_or_uncertain,not_supported,not_candidate,No V1 temporal-eligibility support under the existing V1 classification.,0.0148215204661549,-0.1443771393311641,False,positive_lag_not_supported,
S4_equal11,V_pos_north_edge_lat,P_south_plus_highlat_minus_main,V,P,new_v1_1,new_v1_1,5,-0.0519444285864406,0.0519444285864406,-0.0383767517050751,0.0383767517050751,0.8271728271728271,0.8862566005423147,0.8862566005423147,Tier5a_no_not_supported,lead_lag_no_not_supported,lead_lag_no,lag_tau0_close_or_coupled,forward_reverse_close_or_uncertain,not_supported,not_candidate,No V1 temporal-eligibility support under the existing V1 classification.,-0.0099407635890242,-0.2003638048276028,False,positive_lag_not_supported,
S4_equal11,V_pos_south_edge_lat,P_main_band_share,V,P,new_v1_1,old_v1,1,0.1390933988780394,0.1390933988780394,0.1661791936291618,0.1661791936291618,0.2247752247752247,0.4578754578754578,0.4578754578754578,Tier5a_no_not_supported,lead_lag_no_not_supported,lead_lag_no,lag_tau0_close_or_coupled,forward_reverse_close_or_uncertain,not_supported,not_candidate,No V1 temporal-eligibility support under the existing V1 classification.,-0.0603727079061318,-0.0500832009299643,False,positive_lag_not_supported,
S4_equal11,V_pos_south_edge_lat,P_south_band_share_18_24,V,P,new_v1_1,old_v1,5,-0.1901221468746156,0.1901221468746156,-0.0407015149800486,0.0407015149800486,0.0739260739260739,0.3218210361067504,0.3218210361067504,Tier5a_no_not_supported,lead_lag_no_not_supported,lead_lag_no,stable_lag_dominant,stable_forward_over_reverse,not_supported,not_candidate,No V1 temporal-eligibility support under the existing V1 classification.,0.134862578532437,0.1580354028575981,False,positive_lag_not_supported,
S4_equal11,V_pos_south_edge_lat,P_main_minus_south,V,P,new_v1_1,old_v1,1,0.118768053031142,0.118768053031142,0.1302396760798146,0.1302396760798146,0.3316683316683316,0.5760555234239445,0.5760555234239445,Tier5a_no_not_supported,lead_lag_no_not_supported,lead_lag_no,lag_tau0_close_or_coupled,forward_reverse_close_or_uncertain,not_supported,not_candidate,No V1 temporal-eligibility support under the existing V1 classification.,-0.0384658844543661,-0.0204612921733045,False,positive_lag_not_supported,
S4_equal11,V_pos_south_edge_lat,P_spread_lat,V,P,new_v1_1,old_v1,5,0.1205641637336214,0.1205641637336214,-0.0433728714163526,0.0433728714163526,0.3006993006993007,0.538344634089315,0.538344634089315,Tier5a_no_not_supported,lead_lag_no_not_supported,lead_lag_no,lag_tau0_close_or_coupled,forward_reverse_close_or_uncertain,not_supported,not_candidate,No V1 temporal-eligibility support under the existing V1 classification.,0.0589933203755082,0.0173798834484904,False,positive_lag_not_supported,
S4_equal11,V_pos_south_edge_lat,P_north_band_share_35_45,V,P,new_v1_1,old_v1,1,0.0433933678658223,0.0433933678658223,0.0518452165001318,0.0518452165001318,0.8481518481518482,0.897083685545224,0.897083685545224,Tier5a_no_not_supported,lead_lag_no_not_supported,lead_lag_no,lag_tau0_close_or_coupled,forward_reverse_close_or_uncertain,not_supported,not_candidate,No V1 temporal-eligibility support under the existing V1 classification.,-0.0345935362427767,-0.0130154386148222,False,positive_lag_not_supported,
S4_equal11,V_pos_south_edge_lat,P_north_minus_main_35_45,V,P,new_v1_1,old_v1,1,-0.048595334462923,0.048595334462923,-0.0626220725158321,0.0626220725158321,0.7992007992007992,0.8618832148243913,0.8618832148243913,Tier5a_no_not_supported,lead_lag_no_not_supported,lead_lag_no,lag_tau0_close_or_coupled,forward_reverse_close_or_uncertain,not_supported,not_candidate,No V1 temporal-eligibility support under the existing V1 classification.,-0.0255683119496813,-0.0282040473353497,False,positive_lag_not_supported,
S4_equal11,V_pos_south_edge_lat,P_total_centroid_lat_10_50,V,P,new_v1_1,old_v1,1,0.192563830435682,0.192563830435682,0.2419440421141284,0.2419440421141284,0.0549450549450549,0.292449485997873,0.292449485997873,Tier5c_no_same_day_only,lead_lag_no_same_day_only,lead_lag_no,lag_tau0_close_or_coupled,forward_reverse_close_or_uncertain,not_supported,not_candidate,No V1 temporal-eligibility support under the existing V1 classification.,-0.0686885952132934,-0.0639743594907998,True,same_day_only_without_positive_lag_support,same_day_coupling
S4_equal11,V_pos_south_edge_lat,P_main_28_35_mean,V,P,new_v1_1,new_v1_1,4,-0.0306868488053111,0.0306868488053111,-0.0368399736874815,0.0368399736874815,0.938061938061938,0.9673763736263736,0.9673763736263736,Tier5a_no_not_supported,lead_lag_no_not_supported,lead_lag_no,lag_tau0_close_or_coupled,forward_reverse_close_or_uncertain,not_supported,not_candidate,No V1 temporal-eligibility support under the existing V1 classification.,-0.0357965049403321,-0.0401311891792617,False,positive_lag_not_supported,
S4_equal11,V_pos_south_edge_lat,P_south_10_25_mean,V,P,new_v1_1,new_v1_1,1,-0.1917812369919237,0.1917812369919237,-0.2333870683107697,0.2333870683107697,0.0649350649350649,0.3061224489795918,0.3061224489795918,Tier5c_no_same_day_only,lead_lag_no_same_day_only,lead_lag_no,stable_tau0_dominant,forward_reverse_close_or_uncertain,not_supported,not_candidate,No V1 temporal-eligibility support under the existing V1 classification.,-0.0641613226836371,-0.0593412252194252,True,same_day_only_without_positive_lag_support,same_day_coupling
S4_equal11,V_pos_south_edge_lat,P_scs_10_20_mean,V,P,new_v1_1,new_v1_1,1,-0.1651648647761222,0.1651648647761222,-0.2157862865381279,0.2157862865381279,0.1298701298701298,0.3653846153846153,0.3653846153846153,Tier5c_no_same_day_only,lead_lag_no_same_day_only,lead_lag_no,stable_tau0_dominant,reverse_competitive,not_supported,not_candidate,No V1 temporal-eligibility support under the existing V1 classification.,-0.0800281400650478,-0.1048368049093868,True,same_day_only_without_positive_lag_support,same_day_coupling
S4_equal11,V_pos_south_edge_lat,P_highlat_40_60_mean,V,P,new_v1_1,new_v1_1,1,0.0818819008627241,0.0818819008627241,0.0890356200656423,0.0890356200656423,0.5674325674325674,0.721153846153846,0.721153846153846,Tier5a_no_not_supported,lead_lag_no_not_supported,lead_lag_no,lag_tau0_close_or_coupled,forward_reverse_close_or_uncertain,not_supported,not_candidate,No V1 temporal-eligibility support under the existing V1 classification.,-0.0261395680435485,0.0046995854504525,False,positive_lag_not_supported,
S4_equal11,V_pos_south_edge_lat,P_highlat_35_60_mean,V,P,new_v1_1,new_v1_1,5,0.0502665329768023,0.0502665329768023,0.0205710812003912,0.0205710812003912,0.7972027972027972,0.8618832148243913,0.8618832148243913,Tier5a_no_not_supported,lead_lag_no_not_supported,lead_lag_no,lag_tau0_close_or_coupled,forward_reverse_close_or_uncertain,not_supported,not_candidate,No V1 temporal-eligibility support under the existing V1 classification.,0.0051992193447222,0.0013647556190321,False,positive_lag_not_supported,
S4_equal11,V_pos_south_edge_lat,P_highlat_minus_main,V,P,new_v1_1,new_v1_1,1,0.0511351182527028,0.0511351182527028,0.0626914661562065,0.0626914661562065,0.7972027972027972,0.8618832148243913,0.8618832148243913,Tier5a_no_not_supported,lead_lag_no_not_supported,lead_lag_no,lag_tau0_close_or_coupled,forward_reverse_close_or_uncertain,not_supported,not_candidate,No V1 temporal-eligibility support under the existing V1 classification.,-0.034220151502381,-0.0284399628235186,False,positive_lag_not_supported,
S4_equal11,V_pos_south_edge_lat,P_south_minus_main,V,P,new_v1_1,new_v1_1,1,-0.1311868459967555,0.1311868459967555,-0.1570873057556556,0.1570873057556556,0.2747252747252747,0.5185825410544512,0.5185825410544512,Tier5a_no_not_supported,lead_lag_no_not_supported,lead_lag_no,stable_tau0_dominant,forward_reverse_close_or_uncertain,not_supported,not_candidate,No V1 temporal-eligibility support under the existing V1 classification.,-0.0545089860741205,-0.0400754789491153,False,positive_lag_not_supported,
S4_equal11,V_pos_south_edge_lat,P_south_plus_highlat_minus_main,V,P,new_v1_1,new_v1_1,1,-0.1074466221240097,0.1074466221240097,-0.1304902253639447,0.1304902253639447,0.3736263736263736,0.6164835164835165,0.6164835164835165,Tier5a_no_not_supported,lead_lag_no_not_supported,lead_lag_no,lag_tau0_close_or_coupled,forward_reverse_close_or_uncertain,not_supported,not_candidate,No V1 temporal-eligibility support under the existing V1 classification.,-0.0314094296280235,-0.0275757015608739,False,positive_lag_not_supported,
S4_equal11,V_pos_band_width,P_main_band_share,V,P,new_v1_1,old_v1,2,0.1733755640150567,0.1733755640150567,0.1580188575277659,0.1580188575277659,0.1368631368631368,0.368916797488226,0.368916797488226,Tier5a_no_not_supported,lead_lag_no_not_supported,lead_lag_no,lag_tau0_close_or_coupled,forward_reverse_close_or_uncertain,not_supported,not_candidate,No V1 temporal-eligibility support under the existing V1 classification.,-0.0064298729033568,-0.0209131980088271,False,positive_lag_not_supported,
S4_equal11,V_pos_band_width,P_south_band_share_18_24,V,P,new_v1_1,old_v1,2,-0.0848027508560413,0.0848027508560413,-0.048343857544852,0.048343857544852,0.5684315684315684,0.721153846153846,0.721153846153846,Tier5a_no_not_supported,lead_lag_no_not_supported,lead_lag_no,lag_tau0_close_or_coupled,forward_reverse_close_or_uncertain,not_supported,not_candidate,No V1 temporal-eligibility support under the existing V1 classification.,0.0157251172136436,0.0445389599534096,False,positive_lag_not_supported,
S4_equal11,V_pos_band_width,P_main_minus_south,V,P,new_v1_1,old_v1,2,0.1605399684375698,0.1605399684375698,0.1294596117018361,0.1294596117018361,0.1688311688311688,0.3817235396182765,0.3817235396182765,Tier5a_no_not_supported,lead_lag_no_not_supported,lead_lag_no,lag_tau0_close_or_coupled,forward_reverse_close_or_uncertain,not_supported,not_candidate,No V1 temporal-eligibility support under the existing V1 classification.,0.006738131652673,-0.0016173562727214,False,positive_lag_not_supported,
S4_equal11,V_pos_band_width,P_spread_lat,V,P,new_v1_1,old_v1,5,-0.1184462284493315,0.1184462284493315,-0.1269517405385833,0.1269517405385833,0.3536463536463536,0.5944055944055945,0.5944055944055945,Tier5a_no_not_supported,lead_lag_no_not_supported,lead_lag_no,lag_tau0_close_or_coupled,forward_reverse_close_or_uncertain,not_supported,not_candidate,No V1 temporal-eligibility support under the existing V1 classification.,-0.0492177051850065,-0.0487661870748144,False,positive_lag_not_supported,
S4_equal11,V_pos_band_width,P_north_band_share_35_45,V,P,new_v1_1,old_v1,5,-0.1168001076042948,0.1168001076042948,-0.1551054147533808,0.1551054147533808,0.3466533466533466,0.589668063894868,0.589668063894868,Tier5a_no_not_supported,lead_lag_no_not_supported,lead_lag_no,lag_tau0_close_or_coupled,forward_reverse_close_or_uncertain,not_supported,not_candidate,No V1 temporal-eligibility support under the existing V1 classification.,-0.051534618552653,-0.1272766442031879,False,positive_lag_not_supported,
S4_equal11,V_pos_band_width,P_north_minus_main_35_45,V,P,new_v1_1,old_v1,1,-0.1663240800150264,0.1663240800150264,-0.2000256127252804,0.2000256127252804,0.1398601398601398,0.368916797488226,0.368916797488226,Tier5c_no_same_day_only,lead_lag_no_same_day_only,lead_lag_no,lag_tau0_close_or_coupled,forward_reverse_close_or_uncertain,not_supported,not_candidate,No V1 temporal-eligibility support under the existing V1 classification.,-0.0536743360172128,-0.1078071540400433,True,same_day_only_without_positive_lag_support,same_day_coupling
S4_equal11,V_pos_band_width,P_total_centroid_lat_10_50,V,P,new_v1_1,old_v1,3,0.0725240648423645,0.0725240648423645,-0.0122589378887352,0.0122589378887352,0.6633366633366633,0.7707785172573904,0.7707785172573904,Tier5a_no_not_supported,lead_lag_no_not_supported,lead_lag_no,lag_tau0_close_or_coupled,forward_reverse_close_or_uncertain,not_supported,not_candidate,No V1 temporal-eligibility support under the existing V1 classification.,0.0350342538266366,-0.0105533122902637,False,positive_lag_not_supported,
S4_equal11,V_pos_band_width,P_main_28_35_mean,V,P,new_v1_1,new_v1_1,3,0.0838776440469458,0.0838776440469458,0.0814835700325353,0.0814835700325353,0.5934065934065934,0.721153846153846,0.721153846153846,Tier5a_no_not_supported,lead_lag_no_not_supported,lead_lag_no,lag_tau0_close_or_coupled,forward_reverse_close_or_uncertain,not_supported,not_candidate,No V1 temporal-eligibility support under the existing V1 classification.,-0.0177580335834935,-0.137514503717618,False,positive_lag_not_supported,
S4_equal11,V_pos_band_width,P_south_10_25_mean,V,P,new_v1_1,new_v1_1,5,-0.0589279995715506,0.0589279995715506,0.044144465296641,0.044144465296641,0.7462537462537463,0.8319720819720821,0.8319720819720821,Tier5a_no_not_supported,lead_lag_no_not_supported,lead_lag_no,lag_tau0_close_or_coupled,forward_reverse_close_or_uncertain,not_supported,not_candidate,No V1 temporal-eligibility support under the existing V1 classification.,-0.0171855087596326,-0.0485203882691836,False,positive_lag_not_supported,
S4_equal11,V_pos_band_width,P_scs_10_20_mean,V,P,new_v1_1,new_v1_1,5,-0.0740259902174202,0.0740259902174202,-0.0044093035924299,0.0044093035924299,0.6353646353646354,0.7470189385083003,0.7470189385083003,Tier5a_no_not_supported,lead_lag_no_not_supported,lead_lag_no,lag_tau0_close_or_coupled,forward_reverse_close_or_uncertain,not_supported,not_candidate,No V1 temporal-eligibility support under the existing V1 classification.,0.0494409436986607,-0.0158688925227649,False,positive_lag_not_supported,
S4_equal11,V_pos_band_width,P_highlat_40_60_mean,V,P,new_v1_1,new_v1_1,3,0.1730117954897806,0.1730117954897806,0.018601579489031,0.018601579489031,0.1308691308691308,0.3653846153846153,0.3653846153846153,Tier5a_no_not_supported,lead_lag_no_not_supported,lead_lag_no,lag_tau0_close_or_coupled,forward_reverse_close_or_uncertain,not_supported,not_candidate,No V1 temporal-eligibility support under the existing V1 classification.,0.1329365069137211,-0.0794875267638842,False,positive_lag_not_supported,
S4_equal11,V_pos_band_width,P_highlat_35_60_mean,V,P,new_v1_1,new_v1_1,2,0.1023846444121243,0.1023846444121243,-0.0245189894602241,0.0245189894602241,0.4295704295704295,0.6508875739644971,0.6508875739644971,Tier5a_no_not_supported,lead_lag_no_not_supported,lead_lag_no,lag_tau0_close_or_coupled,forward_reverse_close_or_uncertain,not_supported,not_candidate,No V1 temporal-eligibility support under the existing V1 classification.,0.0476638162021038,-0.1046242796594342,False,positive_lag_not_supported,
S4_equal11,V_pos_band_width,P_highlat_minus_main,V,P,new_v1_1,new_v1_1,5,-0.0232312894425881,0.0232312894425881,-0.0625878322037046,0.0625878322037046,0.9690309690309692,0.977022977022977,0.977022977022977,Tier5a_no_not_supported,lead_lag_no_not_supported,lead_lag_no,lag_tau0_close_or_coupled,reverse_competitive,not_supported,not_candidate,No V1 temporal-eligibility support under the existing V1 classification.,-0.0614957352311952,-0.2424190215392088,False,positive_lag_not_supported,
S4_equal11,V_pos_band_width,P_south_minus_main,V,P,new_v1_1,new_v1_1,5,-0.0856870907656601,0.0856870907656601,-0.0087583316095882,0.0087583316095882,0.6033966033966034,0.7267185369375151,0.7267185369375151,Tier5a_no_not_supported,lead_lag_no_not_supported,lead_lag_no,lag_tau0_close_or_coupled,forward_reverse_close_or_uncertain,not_supported,not_candidate,No V1 temporal-eligibility support under the existing V1 classification.,0.0511303343377306,-0.1078608149213416,False,positive_lag_not_supported,
S4_equal11,V_pos_band_width,P_south_plus_highlat_minus_main,V,P,new_v1_1,new_v1_1,5,-0.0554211160166945,0.0554211160166945,-0.004505952966906,0.004505952966906,0.7572427572427572,0.8385574157386239,0.8385574157386239,Tier5a_no_not_supported,lead_lag_no_not_supported,lead_lag_no,lag_tau0_close_or_coupled,forward_reverse_close_or_uncertain,not_supported,not_candidate,No V1 temporal-eligibility support under the existing V1 classification.,0.0254591919288618,-0.1747475893639264,False,positive_lag_not_supported,
S4_equal11,V_pos_centroid_lat_recomputed,P_main_band_share,V,P,new_v1_1,old_v1,1,0.0643992158670113,0.0643992158670113,0.1117859821292692,0.1117859821292692,0.7262737262737263,0.8207888002408551,0.8207888002408551,Tier5a_no_not_supported,lead_lag_no_not_supported,lead_lag_no,lag_tau0_close_or_coupled,forward_reverse_close_or_uncertain,not_supported,not_candidate,No V1 temporal-eligibility support under the existing V1 classification.,-0.0680792318193507,-0.1834039835403539,False,positive_lag_not_supported,
S4_equal11,V_pos_centroid_lat_recomputed,P_south_band_share_18_24,V,P,new_v1_1,old_v1,2,-0.2212049992364843,0.2212049992364843,-0.1495150542826134,0.1495150542826134,0.0809190809190809,0.3218210361067504,0.3218210361067504,Tier5a_no_not_supported,lead_lag_no_not_supported,lead_lag_no,lag_tau0_close_or_coupled,forward_reverse_close_or_uncertain,not_supported,not_candidate,No V1 temporal-eligibility support under the existing V1 classification.,0.0563771162537387,0.1313029934324291,False,positive_lag_not_supported,
S4_equal11,V_pos_centroid_lat_recomputed,P_main_minus_south,V,P,new_v1_1,old_v1,1,0.1571858031453156,0.1571858031453156,0.1587484360300538,0.1587484360300538,0.2627372627372627,0.506005622284692,0.506005622284692,Tier5a_no_not_supported,lead_lag_no_not_supported,lead_lag_no,lag_tau0_close_or_coupled,forward_reverse_close_or_uncertain,not_supported,not_candidate,No V1 temporal-eligibility support under the existing V1 classification.,-0.0274577589087969,-0.0356902448262306,False,positive_lag_not_supported,
S4_equal11,V_pos_centroid_lat_recomputed,P_spread_lat,V,P,new_v1_1,old_v1,5,0.1533149120777877,0.1533149120777877,-0.0119274827304579,0.0119274827304579,0.2557442557442557,0.5023547880690737,0.5023547880690737,Tier5a_no_not_supported,lead_lag_no_not_supported,lead_lag_no,lag_tau0_close_or_coupled,forward_reverse_close_or_uncertain,not_supported,not_candidate,No V1 temporal-eligibility support under the existing V1 classification.,0.1262367144398508,-0.0020252509607041,False,positive_lag_not_supported,
S4_equal11,V_pos_centroid_lat_recomputed,P_north_band_share_35_45,V,P,new_v1_1,old_v1,4,0.0827990451930475,0.0827990451930475,-0.0321650432063911,0.0321650432063911,0.5854145854145855,0.721153846153846,0.721153846153846,Tier5a_no_not_supported,lead_lag_no_not_supported,lead_lag_no,lag_tau0_close_or_coupled,forward_reverse_close_or_uncertain,not_supported,not_candidate,No V1 temporal-eligibility support under the existing V1 classification.,0.0300877421552699,-0.1146406194366347,False,positive_lag_not_supported,
S4_equal11,V_pos_centroid_lat_recomputed,P_north_minus_main_35_45,V,P,new_v1_1,old_v1,4,0.0828526704167772,0.0828526704167772,-0.0757571920007865,0.0757571920007865,0.5934065934065934,0.721153846153846,0.721153846153846,Tier5a_no_not_supported,lead_lag_no_not_supported,lead_lag_no,lag_tau0_close_or_coupled,reverse_competitive,not_supported,not_candidate,No V1 temporal-eligibility support under the existing V1 classification.,-0.0075518661819636,-0.1760411953709867,False,positive_lag_not_supported,
S4_equal11,V_pos_centroid_lat_recomputed,P_total_centroid_lat_10_50,V,P,new_v1_1,old_v1,5,-0.1119787831836334,0.1119787831836334,0.0489155434911346,0.0489155434911346,0.4525474525474525,0.6508875739644971,0.6508875739644971,Tier5a_no_not_supported,lead_lag_no_not_supported,lead_lag_no,lag_tau0_close_or_coupled,forward_reverse_close_or_uncertain,not_supported,not_candidate,No V1 temporal-eligibility support under the existing V1 classification.,0.0547393313032936,0.0416263194632026,False,positive_lag_not_supported,
S4_equal11,V_pos_centroid_lat_recomputed,P_main_28_35_mean,V,P,new_v1_1,new_v1_1,5,-0.093715617325339,0.093715617325339,-0.0078536406278874,0.0078536406278874,0.5524475524475524,0.721153846153846,0.721153846153846,Tier5a_no_not_supported,lead_lag_no_not_supported,lead_lag_no,lag_tau0_close_or_coupled,forward_reverse_close_or_uncertain,not_supported,not_candidate,No V1 temporal-eligibility support under the existing V1 classification.,0.0660420666790951,-0.113117320440738,False,positive_lag_not_supported,
S4_equal11,V_pos_centroid_lat_recomputed,P_south_10_25_mean,V,P,new_v1_1,new_v1_1,3,0.087493970876445,0.087493970876445,-0.0148246657498463,0.0148246657498463,0.6323676323676324,0.7470189385083003,0.7470189385083003,Tier5a_no_not_supported,lead_lag_no_not_supported,lead_lag_no,lag_tau0_close_or_coupled,forward_reverse_close_or_uncertain,not_supported,not_candidate,No V1 temporal-eligibility support under the existing V1 classification.,0.0566716650051764,-0.0836091821313839,False,positive_lag_not_supported,
S4_equal11,V_pos_centroid_lat_recomputed,P_scs_10_20_mean,V,P,new_v1_1,new_v1_1,3,0.1222295793085678,0.1222295793085678,0.0024738963307038,0.0024738963307038,0.4325674325674326,0.6508875739644971,0.6508875739644971,Tier5a_no_not_supported,lead_lag_no_not_supported,lead_lag_no,lag_tau0_close_or_coupled,forward_reverse_close_or_uncertain,not_supported,not_candidate,No V1 temporal-eligibility support under the existing V1 classification.,0.1016128787238019,-0.0508209689941564,False,positive_lag_not_supported,
S4_equal11,V_pos_centroid_lat_recomputed,P_highlat_40_60_mean,V,P,new_v1_1,new_v1_1,3,0.2296234244017153,0.2296234244017153,0.1084612371722961,0.1084612371722961,0.0809190809190809,0.3218210361067504,0.3218210361067504,Tier5a_no_not_supported,lead_lag_no_not_supported,lead_lag_no,stable_lag_dominant,forward_reverse_close_or_uncertain,not_supported,not_candidate,No V1 temporal-eligibility support under the existing V1 classification.,0.0976584344430472,-0.0288115316904099,False,positive_lag_not_supported,
S4_equal11,V_pos_centroid_lat_recomputed,P_highlat_35_60_mean,V,P,new_v1_1,new_v1_1,3,0.1807817127252393,0.1807817127252393,0.0360926491015022,0.0360926491015022,0.1758241758241758,0.3817235396182765,0.3817235396182765,Tier5a_no_not_supported,lead_lag_no_not_supported,lead_lag_no,lag_tau0_close_or_coupled,forward_reverse_close_or_uncertain,not_supported,not_candidate,No V1 temporal-eligibility support under the existing V1 classification.,0.1288623987010284,-0.0177475635078147,False,positive_lag_not_supported,
S4_equal11,V_pos_centroid_lat_recomputed,P_highlat_minus_main,V,P,new_v1_1,new_v1_1,4,0.1467495021943527,0.1467495021943527,0.044947837276638,0.044947837276638,0.3046953046953047,0.538344634089315,0.538344634089315,Tier5a_no_not_supported,lead_lag_no_not_supported,lead_lag_no,lag_tau0_close_or_coupled,forward_reverse_close_or_uncertain,not_supported,not_candidate,No V1 temporal-eligibility support under the existing V1 classification.,0.0804861911048172,-0.1245774230937519,False,positive_lag_not_supported,
S4_equal11,V_pos_centroid_lat_recomputed,P_south_minus_main,V,P,new_v1_1,new_v1_1,4,0.1053944427150141,0.1053944427150141,-0.007131572573687,0.007131572573687,0.4555444555444555,0.6508875739644971,0.6508875739644971,Tier5a_no_not_supported,lead_lag_no_not_supported,lead_lag_no,lag_tau0_close_or_coupled,forward_reverse_close_or_uncertain,not_supported,not_candidate,No V1 temporal-eligibility support under the existing V1 classification.,0.0773636560724625,-0.1304350570565718,False,positive_lag_not_supported,
S4_equal11,V_pos_centroid_lat_recomputed,P_south_plus_highlat_minus_main,V,P,new_v1_1,new_v1_1,4,0.1446898816221163,0.1446898816221163,0.0152811813353214,0.0152811813353214,0.2847152847152847,0.521978021978022,0.521978021978022,Tier5a_no_not_supported,lead_lag_no_not_supported,lead_lag_no,lag_tau0_close_or_coupled,forward_reverse_close_or_uncertain,not_supported,not_candidate,No V1 temporal-eligibility support under the existing V1 classification.,0.1075055887938114,-0.138002362730889,False,positive_lag_not_supported,
S4_equal11,V_highlat_35_55_mean,P_main_band_share,V,P,new_v1_1,old_v1,3,-0.0926748960205563,0.0926748960205563,-0.0288769882854678,0.0288769882854678,0.5694305694305695,0.721153846153846,0.721153846153846,Tier5a_no_not_supported,lead_lag_no_not_supported,lead_lag_no,lag_tau0_close_or_coupled,forward_reverse_close_or_uncertain,not_supported,not_candidate,No V1 temporal-eligibility support under the existing V1 classification.,0.0550890564402257,-0.0900941377967391,False,positive_lag_not_supported,
S4_equal11,V_highlat_35_55_mean,P_south_band_share_18_24,V,P,new_v1_1,old_v1,5,0.0928083752778149,0.0928083752778149,0.0112146010861766,0.0112146010861766,0.5694305694305695,0.721153846153846,0.721153846153846,Tier5a_no_not_supported,lead_lag_no_not_supported,lead_lag_no,lag_tau0_close_or_coupled,forward_reverse_close_or_uncertain,not_supported,not_candidate,No V1 temporal-eligibility support under the existing V1 classification.,0.0541353291011766,0.0330356514328842,False,positive_lag_not_supported,
S4_equal11,V_highlat_35_55_mean,P_main_minus_south,V,P,new_v1_1,old_v1,4,-0.0992977332923287,0.0992977332923287,-0.0250442288335742,0.0250442288335742,0.4995004995004995,0.6632967032967033,0.6632967032967033,Tier5a_no_not_supported,lead_lag_no_not_supported,lead_lag_no,lag_tau0_close_or_coupled,forward_reverse_close_or_uncertain,not_supported,not_candidate,No V1 temporal-eligibility support under the existing V1 classification.,0.0646241304255058,-0.0288238422357338,False,positive_lag_not_supported,
S4_equal11,V_highlat_35_55_mean,P_spread_lat,V,P,new_v1_1,old_v1,5,-0.019634701408975,0.019634701408975,-0.0443331449693624,0.0443331449693624,0.967032967032967,0.977022977022977,0.977022977022977,Tier5a_no_not_supported,lead_lag_no_not_supported,lead_lag_no,lag_tau0_close_or_coupled,forward_reverse_close_or_uncertain,not_supported,not_candidate,No V1 temporal-eligibility support under the existing V1 classification.,-0.0489096688126261,-0.1136287799627186,False,positive_lag_not_supported,
S4_equal11,V_highlat_35_55_mean,P_north_band_share_35_45,V,P,new_v1_1,old_v1,4,0.2092551254535725,0.2092551254535725,0.0392300643230656,0.0392300643230656,0.0939060939060939,0.3443223443223443,0.3443223443223443,Tier5a_no_not_supported,lead_lag_no_not_supported,lead_lag_no,stable_lag_dominant,forward_reverse_close_or_uncertain,not_supported,not_candidate,No V1 temporal-eligibility support under the existing V1 classification.,0.1505124177623202,0.0283976411072147,False,positive_lag_not_supported,
S4_equal11,V_highlat_35_55_mean,P_north_minus_main_35_45,V,P,new_v1_1,old_v1,3,0.1894539906264375,0.1894539906264375,0.061507325597096,0.061507325597096,0.1328671328671328,0.3653846153846153,0.3653846153846153,Tier5a_no_not_supported,lead_lag_no_not_supported,lead_lag_no,lag_tau0_close_or_coupled,forward_reverse_close_or_uncertain,not_supported,not_candidate,No V1 temporal-eligibility support under the existing V1 classification.,0.1108353955549358,-0.0266842020409343,False,positive_lag_not_supported,
S4_equal11,V_highlat_35_55_mean,P_total_centroid_lat_10_50,V,P,new_v1_1,old_v1,5,0.1343085692116759,0.1343085692116759,0.064120535663932,0.064120535663932,0.3566433566433566,0.5944055944055945,0.5944055944055945,Tier5a_no_not_supported,lead_lag_no_not_supported,lead_lag_no,lag_tau0_close_or_coupled,forward_reverse_close_or_uncertain,not_supported,not_candidate,No V1 temporal-eligibility support under the existing V1 classification.,0.0501216203681674,0.070848910130596,False,positive_lag_not_supported,
S4_equal11,V_highlat_35_55_mean,P_main_28_35_mean,V,P,new_v1_1,new_v1_1,2,-0.1132925098445761,0.1132925098445761,-0.0584376427542045,0.0584376427542045,0.4355644355644356,0.6508875739644971,0.6508875739644971,Tier5a_no_not_supported,lead_lag_no_not_supported,lead_lag_no,lag_tau0_close_or_coupled,forward_reverse_close_or_uncertain,not_supported,not_candidate,No V1 temporal-eligibility support under the existing V1 classification.,0.0362583182680873,-0.1691151040988373,False,positive_lag_not_supported,
S4_equal11,V_highlat_35_55_mean,P_south_10_25_mean,V,P,new_v1_1,new_v1_1,2,0.1683475784454549,0.1683475784454549,0.154230246770431,0.154230246770431,0.2337662337662337,0.470383275261324,0.470383275261324,Tier5a_no_not_supported,lead_lag_no_not_supported,lead_lag_no,lag_tau0_close_or_coupled,forward_reverse_close_or_uncertain,not_supported,not_candidate,No V1 temporal-eligibility support under the existing V1 classification.,-0.0054080046177512,0.0301712570120736,False,positive_lag_not_supported,
S4_equal11,V_highlat_35_55_mean,P_scs_10_20_mean,V,P,new_v1_1,new_v1_1,1,0.0814667831642217,0.0814667831642217,0.0820341060263668,0.0820341060263668,0.6173826173826173,0.7381748686096512,0.7381748686096512,Tier5a_no_not_supported,lead_lag_no_not_supported,lead_lag_no,lag_tau0_close_or_coupled,forward_reverse_close_or_uncertain,not_supported,not_candidate,No V1 temporal-eligibility support under the existing V1 classification.,-0.0187102184993884,-0.0177286394212195,False,positive_lag_not_supported,
S4_equal11,V_highlat_35_55_mean,P_highlat_40_60_mean,V,P,new_v1_1,new_v1_1,2,0.5551316923373385,0.5551316923373385,0.3579465135286824,0.3579465135286824,0.0009990009990009,0.0412087912087912,0.0412087912087912,Tier1b_audit_stable_with_same_day,lead_lag_yes_with_same_day_coupling,lead_lag_yes,stable_lag_dominant,stable_forward_over_reverse,stable_lag_dominant,core_stable_lag_candidate,"Positive-lag band is stably stronger than both lag0 and reverse. Still temporal eligibility, not causal proof.",0.1748648230392912,0.3725051248944443,True,,same_day_coupling_present
S4_equal11,V_highlat_35_55_mean,P_highlat_35_60_mean,V,P,new_v1_1,new_v1_1,2,0.4684711105292302,0.4684711105292302,0.2945488037195427,0.2945488037195427,0.0009990009990009,0.0412087912087912,0.0412087912087912,Tier1b_audit_stable_with_same_day,lead_lag_yes_with_same_day_coupling,lead_lag_yes,stable_lag_dominant,stable_forward_over_reverse,stable_lag_dominant,core_stable_lag_candidate,"Positive-lag band is stably stronger than both lag0 and reverse. Still temporal eligibility, not causal proof.",0.1564720380143477,0.3279663463150903,True,,same_day_coupling_present
S4_equal11,V_highlat_35_55_mean,P_highlat_minus_main,V,P,new_v1_1,new_v1_1,2,0.2920890342264845,0.2920890342264845,0.1759360901678471,0.1759360901678471,0.0199800199800199,0.1831501831501831,0.1831501831501831,Tier4d_ambiguous_marginal_statistical_support,lead_lag_ambiguous_marginal_statistical_support,lead_lag_ambiguous,stable_lag_dominant,forward_reverse_close_or_uncertain,not_supported,not_candidate,No V1 temporal-eligibility support under the existing V1 classification.,0.1032263944572383,-0.0090483824848087,False,marginal_statistical_support,marginal
S4_equal11,V_highlat_35_55_mean,P_south_minus_main,V,P,new_v1_1,new_v1_1,2,0.1855210255199173,0.1855210255199173,0.1465479416523422,0.1465479416523422,0.1748251748251748,0.3817235396182765,0.3817235396182765,Tier5a_no_not_supported,lead_lag_no_not_supported,lead_lag_no,lag_tau0_close_or_coupled,forward_reverse_close_or_uncertain,not_supported,not_candidate,No V1 temporal-eligibility support under the existing V1 classification.,0.014701339883799,-0.0160504808190067,False,positive_lag_not_supported,
S4_equal11,V_highlat_35_55_mean,P_south_plus_highlat_minus_main,V,P,new_v1_1,new_v1_1,2,0.2881990490491568,0.2881990490491568,0.2112946671581765,0.2112946671581765,0.0269730269730269,0.2129120879120879,0.2129120879120879,Tier4d_ambiguous_marginal_statistical_support,lead_lag_ambiguous_marginal_statistical_support,lead_lag_ambiguous,lag_tau0_close_or_coupled,forward_reverse_close_or_uncertain,not_supported,not_candidate,No V1 temporal-eligibility support under the existing V1 classification.,0.0628601044567841,0.0734878389945414,False,marginal_statistical_support,marginal
S4_equal11,V_lowlat_20_30_mean,P_main_band_share,V,P,new_v1_1,old_v1,1,0.2241416488543633,0.2241416488543633,0.226978966808245,0.226978966808245,0.1058941058941058,0.3473312401883831,0.3473312401883831,Tier5a_no_not_supported,lead_lag_no_not_supported,lead_lag_no,lag_tau0_close_or_coupled,forward_reverse_close_or_uncertain,not_supported,not_candidate,No V1 temporal-eligibility support under the existing V1 classification.,-0.027936448066228,0.0012148920673004,False,positive_lag_not_supported,
S4_equal11,V_lowlat_20_30_mean,P_south_band_share_18_24,V,P,new_v1_1,old_v1,3,-0.1016710147534083,0.1016710147534083,-0.0361250463556378,0.0361250463556378,0.5004995004995005,0.6632967032967033,0.6632967032967033,Tier5a_no_not_supported,lead_lag_no_not_supported,lead_lag_no,lag_tau0_close_or_coupled,forward_reverse_close_or_uncertain,not_supported,not_candidate,No V1 temporal-eligibility support under the existing V1 classification.,0.0467402973836665,0.0514543025364624,False,positive_lag_not_supported,
S4_equal11,V_lowlat_20_30_mean,P_main_minus_south,V,P,new_v1_1,old_v1,2,0.1877735010446256,0.1877735010446256,0.1665511783025227,0.1665511783025227,0.1728271728271728,0.3817235396182765,0.3817235396182765,Tier5a_no_not_supported,lead_lag_no_not_supported,lead_lag_no,lag_tau0_close_or_coupled,forward_reverse_close_or_uncertain,not_supported,not_candidate,No V1 temporal-eligibility support under the existing V1 classification.,0.0007339148290286,0.0373100093011997,False,positive_lag_not_supported,
S4_equal11,V_lowlat_20_30_mean,P_spread_lat,V,P,new_v1_1,old_v1,2,0.1167834660715043,0.1167834660715043,0.0942281978612329,0.0942281978612329,0.4175824175824176,0.6508875739644971,0.6508875739644971,Tier5a_no_not_supported,lead_lag_no_not_supported,lead_lag_no,lag_tau0_close_or_coupled,forward_reverse_close_or_uncertain,not_supported,not_candidate,No V1 temporal-eligibility support under the existing V1 classification.,0.0019208452551205,0.0311566925425184,False,positive_lag_not_supported,
S4_equal11,V_lowlat_20_30_mean,P_north_band_share_35_45,V,P,new_v1_1,old_v1,3,0.1177276596922565,0.1177276596922565,0.1090108300252175,0.1090108300252175,0.3876123876123876,0.6332281579806331,0.6332281579806331,Tier5a_no_not_supported,lead_lag_no_not_supported,lead_lag_no,lag_tau0_close_or_coupled,forward_reverse_close_or_uncertain,not_supported,not_candidate,No V1 temporal-eligibility support under the existing V1 classification.,-0.0049431168962099,-0.0076343948831384,False,positive_lag_not_supported,
S4_equal11,V_lowlat_20_30_mean,P_north_minus_main_35_45,V,P,new_v1_1,old_v1,1,-0.1120790830030726,0.1120790830030726,-0.1180361695707123,0.1180361695707123,0.4615384615384615,0.6508875739644971,0.6508875739644971,Tier5a_no_not_supported,lead_lag_no_not_supported,lead_lag_no,lag_tau0_close_or_coupled,forward_reverse_close_or_uncertain,not_supported,not_candidate,No V1 temporal-eligibility support under the existing V1 classification.,-0.0326761305519462,-0.0119051164249129,False,positive_lag_not_supported,
S4_equal11,V_lowlat_20_30_mean,P_total_centroid_lat_10_50,V,P,new_v1_1,old_v1,1,0.2784705324782296,0.2784705324782296,0.2804150306826045,0.2804150306826045,0.0279720279720279,0.2129120879120879,0.2129120879120879,Tier4d_ambiguous_marginal_statistical_support,lead_lag_ambiguous_marginal_statistical_support,lead_lag_ambiguous,lag_tau0_close_or_coupled,forward_reverse_close_or_uncertain,not_supported,not_candidate,No V1 temporal-eligibility support under the existing V1 classification.,-0.0139751938492466,-0.0134073647320241,True,marginal_statistical_support,marginal
S4_equal11,V_lowlat_20_30_mean,P_main_28_35_mean,V,P,new_v1_1,new_v1_1,2,0.3292680986756908,0.3292680986756908,0.3062492157988766,0.3062492157988766,0.0109890109890109,0.1394759087066779,0.1394759087066779,Tier4d_ambiguous_marginal_statistical_support,lead_lag_ambiguous_marginal_statistical_support,lead_lag_ambiguous,lag_tau0_close_or_coupled,forward_reverse_close_or_uncertain,not_supported,not_candidate,No V1 temporal-eligibility support under the existing V1 classification.,0.0137377787394202,0.0639529057456298,True,marginal_statistical_support,marginal
S4_equal11,V_lowlat_20_30_mean,P_south_10_25_mean,V,P,new_v1_1,new_v1_1,1,-0.1911922413832336,0.1911922413832336,-0.2040804694117713,0.2040804694117713,0.1758241758241758,0.3817235396182765,0.3817235396182765,Tier5a_no_not_supported,lead_lag_no_not_supported,lead_lag_no,lag_tau0_close_or_coupled,forward_reverse_close_or_uncertain,not_supported,not_candidate,No V1 temporal-eligibility support under the existing V1 classification.,-0.0325279028710668,-0.014751308841433,False,positive_lag_not_supported,
S4_equal11,V_lowlat_20_30_mean,P_scs_10_20_mean,V,P,new_v1_1,new_v1_1,1,-0.2003526873261699,0.2003526873261699,-0.2280389516943816,0.2280389516943816,0.1578421578421578,0.3817235396182765,0.3817235396182765,Tier5a_no_not_supported,lead_lag_no_not_supported,lead_lag_no,lag_tau0_close_or_coupled,forward_reverse_close_or_uncertain,not_supported,not_candidate,No V1 temporal-eligibility support under the existing V1 classification.,-0.0466474279753611,-0.0559319066043565,False,positive_lag_not_supported,
S4_equal11,V_lowlat_20_30_mean,P_highlat_40_60_mean,V,P,new_v1_1,new_v1_1,5,0.1055114819764772,0.1055114819764772,0.0599014574941965,0.0599014574941965,0.4915084915084915,0.6632967032967033,0.6632967032967033,Tier5a_no_not_supported,lead_lag_no_not_supported,lead_lag_no,lag_tau0_close_or_coupled,forward_reverse_close_or_uncertain,not_supported,not_candidate,No V1 temporal-eligibility support under the existing V1 classification.,0.022450289273201,0.0485755845515596,False,positive_lag_not_supported,
S4_equal11,V_lowlat_20_30_mean,P_highlat_35_60_mean,V,P,new_v1_1,new_v1_1,2,0.2282768725756988,0.2282768725756988,0.2179557062937983,0.2179557062937983,0.0779220779220779,0.3218210361067504,0.3218210361067504,Tier5a_no_not_supported,lead_lag_no_not_supported,lead_lag_no,lag_tau0_close_or_coupled,forward_reverse_close_or_uncertain,not_supported,not_candidate,No V1 temporal-eligibility support under the existing V1 classification.,-0.0064200901221007,0.0239267157899686,False,positive_lag_not_supported,
S4_equal11,V_lowlat_20_30_mean,P_highlat_minus_main,V,P,new_v1_1,new_v1_1,2,-0.2540100417894446,0.2540100417894446,-0.2387646635256137,0.2387646635256137,0.0479520479520479,0.2728306176582039,0.2728306176582039,Tier4d_ambiguous_marginal_statistical_support,lead_lag_ambiguous_marginal_statistical_support,lead_lag_ambiguous,lag_tau0_close_or_coupled,forward_reverse_close_or_uncertain,not_supported,not_candidate,No V1 temporal-eligibility support under the existing V1 classification.,0.0088251741352334,0.0459350068207679,False,marginal_statistical_support,marginal
S4_equal11,V_lowlat_20_30_mean,P_south_minus_main,V,P,new_v1_1,new_v1_1,1,-0.3129327802252569,0.3129327802252569,-0.312104012998593,0.312104012998593,0.0199800199800199,0.1831501831501831,0.1831501831501831,Tier4d_ambiguous_marginal_statistical_support,lead_lag_ambiguous_marginal_statistical_support,lead_lag_ambiguous,lag_tau0_close_or_coupled,forward_reverse_close_or_uncertain,not_supported,not_candidate,No V1 temporal-eligibility support under the existing V1 classification.,-0.0119807673695631,0.0142003870514434,True,marginal_statistical_support,marginal
S4_equal11,V_lowlat_20_30_mean,P_south_plus_highlat_minus_main,V,P,new_v1_1,new_v1_1,1,-0.2823884247559662,0.2823884247559662,-0.2830198423631183,0.2830198423631183,0.0309690309690309,0.2129120879120879,0.2129120879120879,Tier4d_ambiguous_marginal_statistical_support,lead_lag_ambiguous_marginal_statistical_support,lead_lag_ambiguous,lag_tau0_close_or_coupled,forward_reverse_close_or_uncertain,not_supported,not_candidate,No V1 temporal-eligibility support under the existing V1 classification.,-0.0145466215518478,0.015517791039018,True,marginal_statistical_support,marginal
S4_equal11,V_high_minus_low_35_55_minus_20_30,P_main_band_share,V,P,new_v1_1,old_v1,2,-0.2273312662026695,0.2273312662026695,-0.2100756924688781,0.2100756924688781,0.1168831168831168,0.3473312401883831,0.3473312401883831,Tier5a_no_not_supported,lead_lag_no_not_supported,lead_lag_no,lag_tau0_close_or_coupled,forward_reverse_close_or_uncertain,not_supported,not_candidate,No V1 temporal-eligibility support under the existing V1 classification.,0.0087192498268173,0.0625787688763776,False,positive_lag_not_supported,
S4_equal11,V_high_minus_low_35_55_minus_20_30,P_south_band_share_18_24,V,P,new_v1_1,old_v1,4,0.1290137539527748,0.1290137539527748,0.0368369968411617,0.0368369968411617,0.4055944055944055,0.6497386109036594,0.6497386109036594,Tier5a_no_not_supported,lead_lag_no_not_supported,lead_lag_no,lag_tau0_close_or_coupled,forward_reverse_close_or_uncertain,not_supported,not_candidate,No V1 temporal-eligibility support under the existing V1 classification.,0.072522615418863,0.0843038625446546,False,positive_lag_not_supported,
S4_equal11,V_high_minus_low_35_55_minus_20_30,P_main_minus_south,V,P,new_v1_1,old_v1,3,-0.2068114883986762,0.2068114883986762,-0.1561296268166158,0.1561296268166158,0.1538461538461538,0.3817235396182765,0.3817235396182765,Tier5a_no_not_supported,lead_lag_no_not_supported,lead_lag_no,lag_tau0_close_or_coupled,forward_reverse_close_or_uncertain,not_supported,not_candidate,No V1 temporal-eligibility support under the existing V1 classification.,0.0266560361699928,0.0808071687254545,False,positive_lag_not_supported,
S4_equal11,V_high_minus_low_35_55_minus_20_30,P_spread_lat,V,P,new_v1_1,old_v1,1,-0.102238503547104,0.102238503547104,-0.1038374190133958,0.1038374190133958,0.5024975024975025,0.6632967032967033,0.6632967032967033,Tier5a_no_not_supported,lead_lag_no_not_supported,lead_lag_no,lag_tau0_close_or_coupled,forward_reverse_close_or_uncertain,not_supported,not_candidate,No V1 temporal-eligibility support under the existing V1 classification.,-0.0158698820968647,0.0027738026469001,False,positive_lag_not_supported,
S4_equal11,V_high_minus_low_35_55_minus_20_30,P_north_band_share_35_45,V,P,new_v1_1,old_v1,1,-0.0306968338193761,0.0306968338193761,-0.0735982145597795,0.0735982145597795,0.914085914085914,0.9485797221646278,0.9485797221646278,Tier5a_no_not_supported,lead_lag_no_not_supported,lead_lag_no,lag_tau0_close_or_coupled,forward_reverse_close_or_uncertain,not_supported,not_candidate,No V1 temporal-eligibility support under the existing V1 classification.,-0.0641519264329214,-0.1809507138464144,False,positive_lag_not_supported,
S4_equal11,V_high_minus_low_35_55_minus_20_30,P_north_minus_main_35_45,V,P,new_v1_1,old_v1,2,0.1773877962613908,0.1773877962613908,0.133143519307998,0.133143519307998,0.1888111888111888,0.3943524829600779,0.3943524829600779,Tier5a_no_not_supported,lead_lag_no_not_supported,lead_lag_no,lag_tau0_close_or_coupled,forward_reverse_close_or_uncertain,not_supported,not_candidate,No V1 temporal-eligibility support under the existing V1 classification.,0.0258093965871469,0.0989761141103746,False,positive_lag_not_supported,
S4_equal11,V_high_minus_low_35_55_minus_20_30,P_total_centroid_lat_10_50,V,P,new_v1_1,old_v1,1,-0.1872677809413793,0.1872677809413793,-0.2082340122507975,0.2082340122507975,0.1718281718281718,0.3817235396182765,0.3817235396182765,Tier5a_no_not_supported,lead_lag_no_not_supported,lead_lag_no,lag_tau0_close_or_coupled,forward_reverse_close_or_uncertain,not_supported,not_candidate,No V1 temporal-eligibility support under the existing V1 classification.,-0.0331204266789432,-0.0563515538460709,False,positive_lag_not_supported,
S4_equal11,V_high_minus_low_35_55_minus_20_30,P_main_28_35_mean,V,P,new_v1_1,new_v1_1,2,-0.3420278327873772,0.3420278327873772,-0.2934537503903569,0.2934537503903569,0.0079920079920079,0.1098901098901098,0.1098901098901098,Tier4d_ambiguous_marginal_statistical_support,lead_lag_ambiguous_marginal_statistical_support,lead_lag_ambiguous,lag_tau0_close_or_coupled,stable_forward_over_reverse,not_supported,not_candidate,No V1 temporal-eligibility support under the existing V1 classification.,0.0347953780588298,0.1045001517703538,True,marginal_statistical_support,marginal
S4_equal11,V_high_minus_low_35_55_minus_20_30,P_south_10_25_mean,V,P,new_v1_1,new_v1_1,1,0.2504476492882428,0.2504476492882428,0.2548156316866332,0.2548156316866332,0.0769230769230769,0.3218210361067504,0.3218210361067504,Tier5c_no_same_day_only,lead_lag_no_same_day_only,lead_lag_no,lag_tau0_close_or_coupled,forward_reverse_close_or_uncertain,not_supported,not_candidate,No V1 temporal-eligibility support under the existing V1 classification.,-0.0219943670217031,-0.0054570225711788,True,same_day_only_without_positive_lag_support,same_day_coupling
S4_equal11,V_high_minus_low_35_55_minus_20_30,P_scs_10_20_mean,V,P,new_v1_1,new_v1_1,1,0.2142015708151022,0.2142015708151022,0.2383119191557718,0.2383119191557718,0.1058941058941058,0.3473312401883831,0.3473312401883831,Tier5c_no_same_day_only,lead_lag_no_same_day_only,lead_lag_no,lag_tau0_close_or_coupled,forward_reverse_close_or_uncertain,not_supported,not_candidate,No V1 temporal-eligibility support under the existing V1 classification.,-0.0410683726911466,-0.0371789412947168,True,same_day_only_without_positive_lag_support,same_day_coupling
S4_equal11,V_high_minus_low_35_55_minus_20_30,P_highlat_40_60_mean,V,P,new_v1_1,new_v1_1,3,0.2433904668101285,0.2433904668101285,0.1324730424648126,0.1324730424648126,0.0589410589410589,0.2947052947052947,0.2947052947052947,Tier5a_no_not_supported,lead_lag_no_not_supported,lead_lag_no,stable_lag_dominant,forward_reverse_close_or_uncertain,not_supported,not_candidate,No V1 temporal-eligibility support under the existing V1 classification.,0.1001796135654506,0.094157350631262,False,positive_lag_not_supported,
S4_equal11,V_high_minus_low_35_55_minus_20_30,P_highlat_35_60_mean,V,P,new_v1_1,new_v1_1,3,0.0704025473012876,0.0704025473012876,-0.0360630447683087,0.0360630447683087,0.6983016983016983,0.8057327288096519,0.8057327288096519,Tier5a_no_not_supported,lead_lag_no_not_supported,lead_lag_no,lag_tau0_close_or_coupled,forward_reverse_close_or_uncertain,not_supported,not_candidate,No V1 temporal-eligibility support under the existing V1 classification.,0.0183315271358071,-0.0939902592378118,False,positive_lag_not_supported,
S4_equal11,V_high_minus_low_35_55_minus_20_30,P_highlat_minus_main,V,P,new_v1_1,new_v1_1,2,0.3747456413519351,0.3747456413519351,0.2958061468704153,0.2958061468704153,0.0029970029970029,0.0618131868131868,0.0618131868131868,Tier2_main_supported_audit_moderate,lead_lag_yes_with_same_day_coupling,lead_lag_yes,stable_lag_dominant,stable_forward_over_reverse,stable_lag_dominant,core_stable_lag_candidate,"Positive-lag band is stably stronger than both lag0 and reverse. Still temporal eligibility, not causal proof.",0.0605200243630149,0.1510961071155811,True,,same_day_coupling_present
S4_equal11,V_high_minus_low_35_55_minus_20_30,P_south_minus_main,V,P,new_v1_1,new_v1_1,1,0.3607656083630965,0.3607656083630965,0.3437812304896989,0.3437812304896989,0.0019980019980019,0.0549450549450549,0.0549450549450549,Tier4a_ambiguous_bidirectional_close,lead_lag_ambiguous_bidirectional_close,lead_lag_ambiguous,lag_tau0_close_or_coupled,forward_reverse_close_or_uncertain,not_supported,not_candidate,No V1 temporal-eligibility support under the existing V1 classification.,0.0012330847719261,0.0561265982137655,True,positive_and_negative_supported_but_direction_difference_uncertain,bidirectional_or_feedback_like
S4_equal11,V_high_minus_low_35_55_minus_20_30,P_south_plus_highlat_minus_main,V,P,new_v1_1,new_v1_1,2,0.3841500315818336,0.3841500315818336,0.3520469287559594,0.3520469287559594,0.0029970029970029,0.0618131868131868,0.0618131868131868,Tier2_main_supported_audit_moderate,lead_lag_yes_with_same_day_coupling,lead_lag_yes,lag_tau0_close_or_coupled,stable_forward_over_reverse,significant_lagged_but_tau0_coupled,temporal_candidate_with_tau0_coupling,"Forward direction is stable versus reverse, but positive lag is not stably stronger than lag0 or has same-day coupling.",0.0244208065273183,0.0921003624195181,True,,same_day_coupling_present
S4_equal11,V_lowlat_weakening_proxy_20_30,P_main_band_share,V,P,new_v1_1,old_v1,1,-0.2241416488543633,0.2241416488543633,-0.226978966808245,0.226978966808245,0.0999000999000999,0.3473312401883831,0.3473312401883831,Tier5a_no_not_supported,lead_lag_no_not_supported,lead_lag_no,lag_tau0_close_or_coupled,forward_reverse_close_or_uncertain,not_supported,not_candidate,No V1 temporal-eligibility support under the existing V1 classification.,-0.0177214053178272,0.006407542191909,False,positive_lag_not_supported,
S4_equal11,V_lowlat_weakening_proxy_20_30,P_south_band_share_18_24,V,P,new_v1_1,old_v1,3,0.1016710147534083,0.1016710147534083,0.0361250463556378,0.0361250463556378,0.4715284715284715,0.6593406593406593,0.6593406593406593,Tier5a_no_not_supported,lead_lag_no_not_supported,lead_lag_no,lag_tau0_close_or_coupled,forward_reverse_close_or_uncertain,not_supported,not_candidate,No V1 temporal-eligibility support under the existing V1 classification.,0.0580862640743799,0.0573084719841493,False,positive_lag_not_supported,
S4_equal11,V_lowlat_weakening_proxy_20_30,P_main_minus_south,V,P,new_v1_1,old_v1,2,-0.1877735010446256,0.1877735010446256,-0.1665511783025227,0.1665511783025227,0.1808191808191808,0.3874696731839589,0.3874696731839589,Tier5a_no_not_supported,lead_lag_no_not_supported,lead_lag_no,lag_tau0_close_or_coupled,forward_reverse_close_or_uncertain,not_supported,not_candidate,No V1 temporal-eligibility support under the existing V1 classification.,-0.0055289765577665,0.0412508686226931,False,positive_lag_not_supported,
S4_equal11,V_lowlat_weakening_proxy_20_30,P_spread_lat,V,P,new_v1_1,old_v1,2,-0.1167834660715043,0.1167834660715043,-0.0942281978612329,0.0942281978612329,0.4315684315684315,0.6508875739644971,0.6508875739644971,Tier5a_no_not_supported,lead_lag_no_not_supported,lead_lag_no,lag_tau0_close_or_coupled,forward_reverse_close_or_uncertain,not_supported,not_candidate,No V1 temporal-eligibility support under the existing V1 classification.,0.0083793867714366,0.0476666306199656,False,positive_lag_not_supported,
S4_equal11,V_lowlat_weakening_proxy_20_30,P_north_band_share_35_45,V,P,new_v1_1,old_v1,3,-0.1177276596922565,0.1177276596922565,-0.1090108300252175,0.1090108300252175,0.3986013986013986,0.6447963800904978,0.6447963800904978,Tier5a_no_not_supported,lead_lag_no_not_supported,lead_lag_no,lag_tau0_close_or_coupled,forward_reverse_close_or_uncertain,not_supported,not_candidate,No V1 temporal-eligibility support under the existing V1 classification.,-0.0102238622403594,-0.0167869346741723,False,positive_lag_not_supported,
S4_equal11,V_lowlat_weakening_proxy_20_30,P_north_minus_main_35_45,V,P,new_v1_1,old_v1,1,0.1120790830030726,0.1120790830030726,0.1180361695707123,0.1180361695707123,0.4395604395604395,0.6508875739644971,0.6508875739644971,Tier5a_no_not_supported,lead_lag_no_not_supported,lead_lag_no,lag_tau0_close_or_coupled,forward_reverse_close_or_uncertain,not_supported,not_candidate,No V1 temporal-eligibility support under the existing V1 classification.,-0.0181998782284665,-0.0077690305054243,False,positive_lag_not_supported,
S4_equal11,V_lowlat_weakening_proxy_20_30,P_total_centroid_lat_10_50,V,P,new_v1_1,old_v1,1,-0.2784705324782296,0.2784705324782296,-0.2804150306826045,0.2804150306826045,0.0349650349650349,0.2218934911242603,0.2218934911242603,Tier4d_ambiguous_marginal_statistical_support,lead_lag_ambiguous_marginal_statistical_support,lead_lag_ambiguous,lag_tau0_close_or_coupled,forward_reverse_close_or_uncertain,not_supported,not_candidate,No V1 temporal-eligibility support under the existing V1 classification.,-0.0228985558473737,-0.0119005831540969,True,marginal_statistical_support,marginal
S4_equal11,V_lowlat_weakening_proxy_20_30,P_main_28_35_mean,V,P,new_v1_1,new_v1_1,2,-0.3292680986756908,0.3292680986756908,-0.3062492157988766,0.3062492157988766,0.0079920079920079,0.1098901098901098,0.1098901098901098,Tier4d_ambiguous_marginal_statistical_support,lead_lag_ambiguous_marginal_statistical_support,lead_lag_ambiguous,lag_tau0_close_or_coupled,forward_reverse_close_or_uncertain,not_supported,not_candidate,No V1 temporal-eligibility support under the existing V1 classification.,0.0053163009200284,0.0486672596733112,True,marginal_statistical_support,marginal
S4_equal11,V_lowlat_weakening_proxy_20_30,P_south_10_25_mean,V,P,new_v1_1,new_v1_1,1,0.1911922413832336,0.1911922413832336,0.2040804694117713,0.2040804694117713,0.1678321678321678,0.3817235396182765,0.3817235396182765,Tier5a_no_not_supported,lead_lag_no_not_supported,lead_lag_no,lag_tau0_close_or_coupled,forward_reverse_close_or_uncertain,not_supported,not_candidate,No V1 temporal-eligibility support under the existing V1 classification.,-0.0257219183652202,-0.0213880953811757,False,positive_lag_not_supported,
S4_equal11,V_lowlat_weakening_proxy_20_30,P_scs_10_20_mean,V,P,new_v1_1,new_v1_1,1,0.2003526873261699,0.2003526873261699,0.2280389516943816,0.2280389516943816,0.1408591408591408,0.368916797488226,0.368916797488226,Tier5a_no_not_supported,lead_lag_no_not_supported,lead_lag_no,lag_tau0_close_or_coupled,forward_reverse_close_or_uncertain,not_supported,not_candidate,No V1 temporal-eligibility support under the existing V1 classification.,-0.0480111802387287,-0.0559298505601905,False,positive_lag_not_supported,
S4_equal11,V_lowlat_weakening_proxy_20_30,P_highlat_40_60_mean,V,P,new_v1_1,new_v1_1,5,-0.1055114819764772,0.1055114819764772,-0.0599014574941965,0.0599014574941965,0.4805194805194805,0.6593406593406593,0.6593406593406593,Tier5a_no_not_supported,lead_lag_no_not_supported,lead_lag_no,lag_tau0_close_or_coupled,forward_reverse_close_or_uncertain,not_supported,not_candidate,No V1 temporal-eligibility support under the existing V1 classification.,0.0336734028930011,0.0412729542297278,False,positive_lag_not_supported,
S4_equal11,V_lowlat_weakening_proxy_20_30,P_highlat_35_60_mean,V,P,new_v1_1,new_v1_1,2,-0.2282768725756988,0.2282768725756988,-0.2179557062937983,0.2179557062937983,0.0639360639360639,0.3061224489795918,0.3061224489795918,Tier5a_no_not_supported,lead_lag_no_not_supported,lead_lag_no,lag_tau0_close_or_coupled,forward_reverse_close_or_uncertain,not_supported,not_candidate,No V1 temporal-eligibility support under the existing V1 classification.,-0.0002368471745017,0.0399702993360992,False,positive_lag_not_supported,
S4_equal11,V_lowlat_weakening_proxy_20_30,P_highlat_minus_main,V,P,new_v1_1,new_v1_1,2,0.2540100417894446,0.2540100417894446,0.2387646635256137,0.2387646635256137,0.0479520479520479,0.2728306176582039,0.2728306176582039,Tier4d_ambiguous_marginal_statistical_support,lead_lag_ambiguous_marginal_statistical_support,lead_lag_ambiguous,lag_tau0_close_or_coupled,forward_reverse_close_or_uncertain,not_supported,not_candidate,No V1 temporal-eligibility support under the existing V1 classification.,0.0036430219463959,0.0495608456413605,False,marginal_statistical_support,marginal
S4_equal11,V_lowlat_weakening_proxy_20_30,P_south_minus_main,V,P,new_v1_1,new_v1_1,1,0.3129327802252569,0.3129327802252569,0.312104012998593,0.312104012998593,0.0159840159840159,0.1648351648351648,0.1648351648351648,Tier4d_ambiguous_marginal_statistical_support,lead_lag_ambiguous_marginal_statistical_support,lead_lag_ambiguous,lag_tau0_close_or_coupled,forward_reverse_close_or_uncertain,not_supported,not_candidate,No V1 temporal-eligibility support under the existing V1 classification.,-0.0158951530594821,0.0103939399391337,True,marginal_statistical_support,marginal
S4_equal11,V_lowlat_weakening_proxy_20_30,P_south_plus_highlat_minus_main,V,P,new_v1_1,new_v1_1,1,0.2823884247559662,0.2823884247559662,0.2830198423631183,0.2830198423631183,0.0289710289710289,0.2129120879120879,0.2129120879120879,Tier4d_ambiguous_marginal_statistical_support,lead_lag_ambiguous_marginal_statistical_support,lead_lag_ambiguous,lag_tau0_close_or_coupled,forward_reverse_close_or_uncertain,not_supported,not_candidate,No V1 temporal-eligibility support under the existing V1 classification.,-0.014803535795776,0.007479936333312,True,marginal_statistical_support,marginal
