window_id,anchor_day,field_a,field_b,day,relative_to_anchor,diff_observed_A_minus_B,diff_bootstrap_median,diff_q05,diff_q95,diff_q025,diff_q975,prob_A_progress_gt_B,prob_B_progress_gt_A,prob_near_equal_progress_margin_005,prob_near_equal_progress_margin_010,prob_near_equal_progress_margin_020,relation_day_label,relation_day_evidence_level,progress_difference_interpretation
W002,45,P,V,30,-15,0.0,0.0,-0.013987569049099135,0.0,-0.03493375398974938,0.009751975338215623,0.041,0.082,0.982,1.0,1.0,near_equal_candidate,near_equal_candidate,"A_minus_B is relative pre-to-post progress difference, not physical magnitude or causality."
W002,45,P,V,31,-14,0.0,0.0,-0.03801052754756111,0.0,-0.05525882025463447,0.0,0.015,0.197,0.969,0.998,1.0,near_equal_candidate,near_equal_candidate,"A_minus_B is relative pre-to-post progress difference, not physical magnitude or causality."
W002,45,P,V,32,-13,0.0,0.0,-0.03254562362935686,0.0,-0.04165640875273206,0.0,0.021,0.259,0.988,0.999,1.0,near_equal_candidate,near_equal_candidate,"A_minus_B is relative pre-to-post progress difference, not physical magnitude or causality."
W002,45,P,V,33,-12,0.0,0.0,-0.015962519539110993,0.011729029451472802,-0.02173529373696834,0.02038438766655461,0.097,0.148,0.997,1.0,1.0,near_equal_candidate,near_equal_candidate,"A_minus_B is relative pre-to-post progress difference, not physical magnitude or causality."
W002,45,P,V,34,-11,0.034254693977635794,0.0226827545781476,-0.009986727343561949,0.0703310730078733,-0.017475332689612433,0.08369794503760461,0.826,0.126,0.831,0.993,1.0,A_ahead_tendency,tendency,"A_minus_B is relative pre-to-post progress difference, not physical magnitude or causality."
W002,45,P,V,35,-10,0.044530919880156894,0.033844734211315355,-0.017353453093029183,0.09245821260808053,-0.028900335739803155,0.10530119410176848,0.859,0.132,0.677,0.968,1.0,A_ahead_tendency,tendency,"A_minus_B is relative pre-to-post progress difference, not physical magnitude or causality."
W002,45,P,V,36,-9,0.04183375941304529,0.0335668027399154,-0.03840281946398014,0.1082293685427555,-0.05630071971343324,0.1228423851291038,0.762,0.203,0.625,0.924,1.0,A_ahead_tendency,tendency,"A_minus_B is relative pre-to-post progress difference, not physical magnitude or causality."
W002,45,P,V,37,-8,0.040390317151876395,0.031130296683729297,-0.058076934917608763,0.13017959499002332,-0.08415609452481446,0.1469388107770243,0.718,0.262,0.565,0.862,0.999,near_equal_candidate,near_equal_candidate,"A_minus_B is relative pre-to-post progress difference, not physical magnitude or causality."
W002,45,P,V,38,-7,0.03596607232779049,0.02867729901068985,-0.081927635679077,0.14423843591399615,-0.1005971663674883,0.1553897093447812,0.655,0.325,0.518,0.829,0.996,near_equal_candidate,near_equal_candidate,"A_minus_B is relative pre-to-post progress difference, not physical magnitude or causality."
W002,45,P,V,39,-6,0.0657596805748771,0.054487355356158604,-0.06924449263184171,0.1929526167691158,-0.10494163555938603,0.22558246839275575,0.759,0.235,0.384,0.689,0.956,A_ahead_tendency,tendency,"A_minus_B is relative pre-to-post progress difference, not physical magnitude or causality."
W002,45,P,V,40,-5,0.09595836838666347,0.08607406119731413,-0.05962795669876443,0.2566421034279084,-0.08998080373930709,0.28294261043627195,0.828,0.171,0.272,0.535,0.873,A_ahead_tendency,tendency,"A_minus_B is relative pre-to-post progress difference, not physical magnitude or causality."
W002,45,P,V,41,-4,0.121866508903475,0.1122821480872846,-0.054681564604161695,0.3057029789149423,-0.08737767514328751,0.3308540540075384,0.864,0.135,0.225,0.435,0.785,A_ahead_tendency,tendency,"A_minus_B is relative pre-to-post progress difference, not physical magnitude or causality."
W002,45,P,V,42,-3,0.13165319760483774,0.12167748946495009,-0.06205678944622364,0.322790170635846,-0.08971334181574725,0.3620999132719098,0.865,0.135,0.201,0.41,0.733,A_ahead_tendency,tendency,"A_minus_B is relative pre-to-post progress difference, not physical magnitude or causality."
W002,45,P,V,43,-2,0.1193422169636631,0.11374444101147177,-0.07598492910763086,0.3199264818024391,-0.10890077090821115,0.3568557225632676,0.829,0.171,0.223,0.419,0.757,A_ahead_tendency,tendency,"A_minus_B is relative pre-to-post progress difference, not physical magnitude or causality."
W002,45,P,V,44,-1,0.11850288125244501,0.11337140741076822,-0.07635281275740055,0.30282262217603717,-0.10729383698334839,0.33617811299427686,0.844,0.156,0.22,0.431,0.765,A_ahead_tendency,tendency,"A_minus_B is relative pre-to-post progress difference, not physical magnitude or causality."
W002,45,P,V,45,0,0.13566845320076837,0.1236141427429828,-0.05600222549619112,0.3093109758656588,-0.09478081278692876,0.3428591522299204,0.873,0.127,0.214,0.399,0.754,A_ahead_tendency,tendency,"A_minus_B is relative pre-to-post progress difference, not physical magnitude or causality."
W002,45,P,V,46,1,0.16784290503603916,0.14691610084568485,-0.02751643405433213,0.3182350818362426,-0.07002906156719271,0.3571370533680712,0.911,0.087,0.159,0.331,0.707,A_ahead_tendency,tendency,"A_minus_B is relative pre-to-post progress difference, not physical magnitude or causality."
W002,45,P,V,47,2,0.184899635986985,0.14619712296157877,-0.016857161596541728,0.305866447630822,-0.04792520891412673,0.339440383219808,0.917,0.063,0.157,0.33,0.704,A_ahead_tendency,tendency,"A_minus_B is relative pre-to-post progress difference, not physical magnitude or causality."
W002,45,P,V,48,3,0.1953743687953795,0.14140852643302432,0.0,0.29141116184687976,-0.016046749245603956,0.3223310083551508,0.927,0.038,0.179,0.341,0.75,A_ahead_tendency,tendency,"A_minus_B is relative pre-to-post progress difference, not physical magnitude or causality."
W002,45,P,V,49,4,0.17894933115472988,0.12149680417285691,0.0,0.2617627210210315,-0.02476577429404831,0.28902484470322215,0.896,0.043,0.222,0.411,0.834,A_ahead_tendency,tendency,"A_minus_B is relative pre-to-post progress difference, not physical magnitude or causality."
W002,45,P,V,50,5,0.13075612258942837,0.08471492087235405,-0.005576962803858598,0.2116187615782671,-0.0328485356328312,0.23214885407470712,0.819,0.061,0.331,0.572,0.936,A_ahead_tendency,tendency,"A_minus_B is relative pre-to-post progress difference, not physical magnitude or causality."
W002,45,P,V,51,6,0.06194782758192241,0.04500254809319865,-0.010380155040586998,0.17140981004294542,-0.03667336970923374,0.1931862059746242,0.69,0.068,0.521,0.762,0.983,near_equal_candidate,near_equal_candidate,"A_minus_B is relative pre-to-post progress difference, not physical magnitude or causality."
W002,45,P,V,52,7,0.005250880061963614,0.004473057658044621,0.0,0.11793979035555763,-0.018853909212653418,0.141728560652268,0.527,0.048,0.706,0.909,0.999,near_equal_candidate,near_equal_candidate,"A_minus_B is relative pre-to-post progress difference, not physical magnitude or causality."
W002,45,P,V,53,8,0.0,0.0,0.0,0.07610832622614319,-0.017666352493891577,0.08913999861723149,0.359,0.045,0.88,0.983,1.0,near_equal_candidate,near_equal_candidate,"A_minus_B is relative pre-to-post progress difference, not physical magnitude or causality."
W002,45,P,V,54,9,0.0,0.0,-0.008954935979618666,0.04986374144853636,-0.027655264116398848,0.05749820458161151,0.339,0.075,0.938,1.0,1.0,near_equal_candidate,near_equal_candidate,"A_minus_B is relative pre-to-post progress difference, not physical magnitude or causality."
W002,45,P,V,55,10,0.0,0.0,-0.03961970014905659,0.025625177264344504,-0.055312295609653554,0.031226451579281785,0.233,0.266,0.961,0.998,1.0,near_equal_candidate,near_equal_candidate,"A_minus_B is relative pre-to-post progress difference, not physical magnitude or causality."
W002,45,P,V,56,11,-0.009600874369256607,-0.0006694738567682434,-0.051133648623966584,0.03773277717338492,-0.06023479245613825,0.04388212706339653,0.459,0.509,0.934,0.999,1.0,near_equal_candidate,near_equal_candidate,"A_minus_B is relative pre-to-post progress difference, not physical magnitude or causality."
W002,45,P,V,57,12,-0.016572344506228576,-0.0071435158558936784,-0.051889524957053575,0.02870846367949052,-0.06028920670356903,0.03854362941113335,0.288,0.604,0.926,0.999,1.0,near_equal_candidate,near_equal_candidate,"A_minus_B is relative pre-to-post progress difference, not physical magnitude or causality."
W002,45,P,V,58,13,-0.030516834544802363,-0.01850797845627855,-0.07995411603315128,0.011933532120880174,-0.09480809011817795,0.02295453115532311,0.1,0.659,0.784,0.983,1.0,near_equal_candidate,near_equal_candidate,"A_minus_B is relative pre-to-post progress difference, not physical magnitude or causality."
W002,45,P,V,59,14,-0.03983776646878601,-0.025370791903475187,-0.10690718243181954,0.019260850903422985,-0.12204897408647393,0.03487401405558496,0.119,0.673,0.654,0.926,1.0,near_equal_candidate,near_equal_candidate,"A_minus_B is relative pre-to-post progress difference, not physical magnitude or causality."
W002,45,P,V,60,15,-0.05228228692778081,-0.04095294044375458,-0.1418128489997505,0.03750132373595084,-0.16666214473188493,0.058562848595806086,0.14,0.727,0.532,0.818,0.992,near_equal_candidate,near_equal_candidate,"A_minus_B is relative pre-to-post progress difference, not physical magnitude or causality."
W002,45,P,H,30,-15,0.0,0.0,0.0,0.0,0.0,0.0166719950076436,0.049,0.008,0.988,0.998,1.0,near_equal_candidate,near_equal_candidate,"A_minus_B is relative pre-to-post progress difference, not physical magnitude or causality."
W002,45,P,H,31,-14,0.0,0.0,0.0,0.0,0.0,6.126314688902927e-05,0.025,0.01,0.997,1.0,1.0,near_equal_candidate,near_equal_candidate,"A_minus_B is relative pre-to-post progress difference, not physical magnitude or causality."
W002,45,P,H,32,-13,0.0,0.0,0.0,0.0,0.0,0.0031985177284767803,0.033,0.009,1.0,1.0,1.0,near_equal_candidate,near_equal_candidate,"A_minus_B is relative pre-to-post progress difference, not physical magnitude or causality."
W002,45,P,H,33,-12,0.0,0.0,0.0,0.014169357375101454,0.0,0.025473568594913516,0.114,0.011,0.994,1.0,1.0,near_equal_candidate,near_equal_candidate,"A_minus_B is relative pre-to-post progress difference, not physical magnitude or causality."
W002,45,P,H,34,-11,0.0270723056942129,0.0155471862358096,-0.04524149266737189,0.07963539752003491,-0.06083613281777785,0.09293477823878639,0.659,0.313,0.787,0.981,1.0,near_equal_candidate,near_equal_candidate,"A_minus_B is relative pre-to-post progress difference, not physical magnitude or causality."
W002,45,P,H,35,-10,-0.046006980623540306,-0.0516957722847406,-0.1652497885969309,0.0538679884133995,-0.18929337258126777,0.07284807837702602,0.226,0.774,0.427,0.765,0.988,B_ahead_tendency,tendency,"A_minus_B is relative pre-to-post progress difference, not physical magnitude or causality."
W002,45,P,H,36,-9,-0.14550393153880392,-0.14384634485215206,-0.3409836962188646,0.02537429573985617,-0.38251218251604924,0.053767228384526196,0.087,0.913,0.153,0.324,0.689,B_ahead_tendency,tendency,"A_minus_B is relative pre-to-post progress difference, not physical magnitude or causality."
W002,45,P,H,37,-8,-0.2225881680944305,-0.21304293888883044,-0.5007908635811943,0.029088443665530254,-0.542267966988237,0.07832384290064097,0.083,0.917,0.101,0.201,0.461,B_ahead_tendency,tendency,"A_minus_B is relative pre-to-post progress difference, not physical magnitude or causality."
W002,45,P,H,38,-7,-0.3212596458221007,-0.3014503810386554,-0.6458480881801452,-0.0032400191286384057,-0.7140836894070245,0.06293685730040227,0.049,0.951,0.053,0.125,0.276,B_ahead_supported,supported_90,"A_minus_B is relative pre-to-post progress difference, not physical magnitude or causality."
W002,45,P,H,39,-6,-0.35812670403415253,-0.339543904034057,-0.7274681296385582,0.015649156894325125,-0.7957360047512397,0.08697561768661587,0.064,0.936,0.058,0.112,0.245,B_ahead_tendency,tendency,"A_minus_B is relative pre-to-post progress difference, not physical magnitude or causality."
W002,45,P,H,40,-5,-0.33442362722927466,-0.3177029875952124,-0.7432144031912161,0.10959663496590352,-0.8058403309293074,0.1859300112702158,0.109,0.891,0.07,0.134,0.303,B_ahead_tendency,tendency,"A_minus_B is relative pre-to-post progress difference, not physical magnitude or causality."
W002,45,P,H,41,-4,-0.2826548978583201,-0.2725801132812571,-0.7089541107592495,0.1887991618808901,-0.7651304574506936,0.2620980236408467,0.157,0.843,0.08,0.177,0.365,B_ahead_tendency,tendency,"A_minus_B is relative pre-to-post progress difference, not physical magnitude or causality."
W002,45,P,H,42,-3,-0.24287468315620453,-0.22746324683381725,-0.6799912270377093,0.23782379133913992,-0.7361694952263893,0.3107980776166689,0.209,0.791,0.1,0.21,0.404,B_ahead_tendency,tendency,"A_minus_B is relative pre-to-post progress difference, not physical magnitude or causality."
W002,45,P,H,43,-2,-0.2223907440126997,-0.19756933139168925,-0.6494953252856637,0.2571992164260509,-0.7158544891752538,0.3455891052681375,0.232,0.768,0.125,0.229,0.429,B_ahead_tendency,tendency,"A_minus_B is relative pre-to-post progress difference, not physical magnitude or causality."
W002,45,P,H,44,-1,-0.14041034477404368,-0.11422318836075435,-0.5543670701886897,0.3355766689145606,-0.631259433985808,0.41112309788716694,0.331,0.669,0.132,0.275,0.505,not_resolved,unresolved,"A_minus_B is relative pre-to-post progress difference, not physical magnitude or causality."
W002,45,P,H,45,0,0.013638679445368451,0.027631689593599185,-0.42298078710004094,0.46839521148083985,-0.5040590996251205,0.5429140781669358,0.546,0.454,0.15,0.303,0.546,not_resolved,unresolved,"A_minus_B is relative pre-to-post progress difference, not physical magnitude or causality."
W002,45,P,H,46,1,0.16513070745293668,0.16285608995283274,-0.28955341250141264,0.5702519381023815,-0.383862629673721,0.6450913204032273,0.719,0.281,0.118,0.245,0.475,not_resolved,unresolved,"A_minus_B is relative pre-to-post progress difference, not physical magnitude or causality."
W002,45,P,H,47,2,0.30051805999130077,0.2839373728749183,-0.168786016674952,0.6479785720899945,-0.254108063755655,0.6950505902732258,0.856,0.143,0.087,0.167,0.329,A_ahead_tendency,tendency,"A_minus_B is relative pre-to-post progress difference, not physical magnitude or causality."
W002,45,P,H,48,3,0.393370536553302,0.35571708650346445,-0.06741264566164987,0.6679180665953334,-0.15824191567176502,0.7374808811567245,0.918,0.078,0.059,0.11,0.239,A_ahead_tendency,tendency,"A_minus_B is relative pre-to-post progress difference, not physical magnitude or causality."
W002,45,P,H,49,4,0.4015725351105258,0.3494877306304555,-0.022814032668098776,0.6367104831459619,-0.13730324853820539,0.7049090018754072,0.932,0.064,0.053,0.105,0.227,A_ahead_tendency,tendency,"A_minus_B is relative pre-to-post progress difference, not physical magnitude or causality."
W002,45,P,H,50,5,0.34195961957658383,0.30007783726891407,-0.04911018924078935,0.565265853801393,-0.12132997209055399,0.6083292397299297,0.923,0.071,0.053,0.123,0.295,A_ahead_tendency,tendency,"A_minus_B is relative pre-to-post progress difference, not physical magnitude or causality."
W002,45,P,H,51,6,0.26536888948211035,0.24905005978133454,-0.013559231676216166,0.4736045576494489,-0.07641717530148555,0.5080883321865415,0.931,0.055,0.075,0.15,0.363,A_ahead_tendency,tendency,"A_minus_B is relative pre-to-post progress difference, not physical magnitude or causality."
W002,45,P,H,52,7,0.22203200552104652,0.2114463814812912,0.0,0.40555303287962297,-0.011743431304188168,0.4379008883935253,0.948,0.029,0.076,0.166,0.452,A_ahead_tendency,tendency,"A_minus_B is relative pre-to-post progress difference, not physical magnitude or causality."
W002,45,P,H,53,8,0.18227052306684433,0.16973761282743544,0.013725021949699,0.31413123693197886,0.0,0.3454605617528106,0.961,0.018,0.085,0.191,0.631,A_ahead_supported,supported_90,"A_minus_B is relative pre-to-post progress difference, not physical magnitude or causality."
W002,45,P,H,54,9,0.1259689422910849,0.11463860140524224,0.009424324847002558,0.21048245764025408,0.0,0.23018897566184102,0.96,0.022,0.137,0.392,0.932,A_ahead_supported,supported_90,"A_minus_B is relative pre-to-post progress difference, not physical magnitude or causality."
W002,45,P,H,55,10,0.06040178828065956,0.0490555376353336,-0.016436641057130396,0.1083260382635276,-0.03330796223614932,0.11752432429113416,0.887,0.094,0.498,0.923,1.0,A_ahead_tendency,tendency,"A_minus_B is relative pre-to-post progress difference, not physical magnitude or causality."
W002,45,P,H,56,11,-0.03817415334808205,-0.020843818562954974,-0.07944884850413332,0.03126708522251684,-0.09122754242620264,0.04409445645641457,0.197,0.734,0.784,0.984,1.0,near_equal_candidate,near_equal_candidate,"A_minus_B is relative pre-to-post progress difference, not physical magnitude or causality."
W002,45,P,H,57,12,-0.03541172400482662,-0.026408094938131788,-0.08155613019242844,0.0,-0.09255580662504745,0.008747605768117216,0.037,0.796,0.757,0.983,1.0,B_ahead_tendency,tendency,"A_minus_B is relative pre-to-post progress difference, not physical magnitude or causality."
W002,45,P,H,58,13,-0.030516834544802363,-0.02433463035218575,-0.10137767330331152,0.0,-0.12121240983978568,0.0,0.018,0.707,0.7,0.947,1.0,near_equal_candidate,near_equal_candidate,"A_minus_B is relative pre-to-post progress difference, not physical magnitude or causality."
W002,45,P,H,59,14,-0.03983776646878601,-0.04136562354082318,-0.13680315978000152,0.0,-0.16313909521874348,0.0,0.01,0.735,0.565,0.846,0.996,near_equal_candidate,near_equal_candidate,"A_minus_B is relative pre-to-post progress difference, not physical magnitude or causality."
W002,45,P,H,60,15,-0.06625716451490138,-0.06892980177490671,-0.18197355895158696,0.0,-0.20941636291235985,0.0,0.024,0.808,0.388,0.663,0.964,B_ahead_tendency,tendency,"A_minus_B is relative pre-to-post progress difference, not physical magnitude or causality."
W002,45,P,Je,30,-15,-0.0812418023268642,-0.06733255362860174,-0.1964475290981971,0.0,-0.21473004241375918,0.0,0.011,0.786,0.409,0.653,0.953,B_ahead_tendency,tendency,"A_minus_B is relative pre-to-post progress difference, not physical magnitude or causality."
W002,45,P,Je,31,-14,-0.0528617888874826,-0.0443325155115546,-0.13433829131248615,0.0,-0.15236659798663424,0.0,0.006,0.746,0.547,0.829,0.999,near_equal_candidate,near_equal_candidate,"A_minus_B is relative pre-to-post progress difference, not physical magnitude or causality."
W002,45,P,Je,32,-13,-0.0472391766215502,-0.03846780859151985,-0.10072985008775284,0.0,-0.11106665362739596,0.0,0.008,0.831,0.607,0.948,1.0,B_ahead_tendency,tendency,"A_minus_B is relative pre-to-post progress difference, not physical magnitude or causality."
W002,45,P,Je,33,-12,-0.0276151916456801,-0.0222446929746279,-0.06659924959708668,0.0,-0.07279764827207628,0.00409950363203271,0.033,0.789,0.862,1.0,1.0,B_ahead_tendency,tendency,"A_minus_B is relative pre-to-post progress difference, not physical magnitude or causality."
W002,45,P,Je,34,-11,0.0424185663252845,0.0281375130261591,-0.016388558504537302,0.08329046181742895,-0.02304776082276533,0.09478800654706422,0.845,0.107,0.771,0.978,1.0,A_ahead_tendency,tendency,"A_minus_B is relative pre-to-post progress difference, not physical magnitude or causality."
W002,45,P,Je,35,-10,0.0720540679417369,0.055781311217095404,-0.008448284054597615,0.1139626966159262,-0.03264823019451707,0.1277982034211313,0.923,0.066,0.429,0.894,1.0,A_ahead_tendency,tendency,"A_minus_B is relative pre-to-post progress difference, not physical magnitude or causality."
W002,45,P,Je,36,-9,0.0850698638639285,0.0716602541202253,-0.0018225912664039813,0.15103216955305468,-0.031495173443015494,0.16531174661752923,0.891,0.052,0.315,0.737,0.996,A_ahead_tendency,tendency,"A_minus_B is relative pre-to-post progress difference, not physical magnitude or causality."
W002,45,P,Je,37,-8,0.1233662460074385,0.1121335054983003,0.0,0.21513301677853638,0.0,0.232129471456103,0.939,0.012,0.17,0.426,0.905,A_ahead_tendency,tendency,"A_minus_B is relative pre-to-post progress difference, not physical magnitude or causality."
W002,45,P,Je,38,-7,0.1405085366210791,0.13254586821162256,0.0,0.25914535337468936,0.0,0.2825342846183506,0.935,0.006,0.166,0.353,0.802,A_ahead_tendency,tendency,"A_minus_B is relative pre-to-post progress difference, not physical magnitude or causality."
W002,45,P,Je,39,-6,0.2011985106286352,0.18665596259577755,0.022149644386450028,0.34248085255883326,0.0,0.3669184701151774,0.966,0.007,0.077,0.18,0.55,A_ahead_supported,supported_90,"A_minus_B is relative pre-to-post progress difference, not physical magnitude or causality."
W002,45,P,Je,40,-5,0.2935655348005878,0.25191617751829226,0.05319555797987578,0.44039416738207493,0.003955378336738667,0.47397299816187805,0.977,0.02,0.041,0.113,0.34,A_ahead_supported,supported_90,"A_minus_B is relative pre-to-post progress difference, not physical magnitude or causality."
W002,45,P,Je,41,-4,0.3381321829728897,0.2931869434939499,0.04589572440639494,0.5105247837133715,-0.012212182133872092,0.5557931011035978,0.968,0.031,0.042,0.092,0.276,A_ahead_supported,supported_90,"A_minus_B is relative pre-to-post progress difference, not physical magnitude or causality."
W002,45,P,Je,42,-3,0.3357973502788304,0.3077700387559419,0.027933472901702568,0.5621299393465415,-0.03448072356458417,0.5982733716693575,0.958,0.042,0.049,0.114,0.271,A_ahead_supported,supported_90,"A_minus_B is relative pre-to-post progress difference, not physical magnitude or causality."
W002,45,P,Je,43,-2,0.29163886321509613,0.2712917127231237,-0.04358489384083726,0.5492770187093069,-0.09094729307162093,0.5977136985947542,0.926,0.074,0.07,0.159,0.344,A_ahead_tendency,tendency,"A_minus_B is relative pre-to-post progress difference, not physical magnitude or causality."
W002,45,P,Je,44,-1,0.2797684611522746,0.2660350170794913,-0.05767457085507554,0.5620481395879782,-0.10667960695574003,0.608313548141045,0.92,0.08,0.07,0.166,0.373,A_ahead_tendency,tendency,"A_minus_B is relative pre-to-post progress difference, not physical magnitude or causality."
W002,45,P,Je,45,0,0.2946910699907013,0.28492158857641764,-0.043863213953494344,0.5823695093448472,-0.09971334563686438,0.6330564173168672,0.926,0.074,0.063,0.147,0.348,A_ahead_tendency,tendency,"A_minus_B is relative pre-to-post progress difference, not physical magnitude or causality."
W002,45,P,Je,46,1,0.2779917375081654,0.2544887172333399,-0.05697390592895367,0.574307372906226,-0.1180710995398383,0.6129023692372619,0.914,0.086,0.071,0.178,0.37,A_ahead_tendency,tendency,"A_minus_B is relative pre-to-post progress difference, not physical magnitude or causality."
W002,45,P,Je,47,2,0.2882418994900722,0.2590160274122263,-0.05191459895138759,0.5514613959909148,-0.10693097604435979,0.5974331843703325,0.911,0.089,0.081,0.169,0.374,A_ahead_tendency,tendency,"A_minus_B is relative pre-to-post progress difference, not physical magnitude or causality."
W002,45,P,Je,48,3,0.2978519146137174,0.2561213490309142,-0.030556882651047636,0.5079469892175847,-0.10109421652695662,0.5558356552680591,0.93,0.069,0.078,0.153,0.349,A_ahead_tendency,tendency,"A_minus_B is relative pre-to-post progress difference, not physical magnitude or causality."
W002,45,P,Je,49,4,0.28246374805110763,0.24061388626615632,-0.02552612129369001,0.4669101370013204,-0.11290051066802166,0.5119785875612235,0.932,0.068,0.078,0.157,0.385,A_ahead_tendency,tendency,"A_minus_B is relative pre-to-post progress difference, not physical magnitude or causality."
W002,45,P,Je,50,5,0.25825935933220745,0.22405899836326737,-0.025005020550546715,0.42988864946124433,-0.09042275935143451,0.46375166095730397,0.931,0.068,0.075,0.15,0.42,A_ahead_tendency,tendency,"A_minus_B is relative pre-to-post progress difference, not physical magnitude or causality."
W002,45,P,Je,51,6,0.20618468630192777,0.19448003245265827,-0.005110521838302649,0.36621132501952475,-0.05239290940559585,0.39844891229855656,0.936,0.054,0.081,0.174,0.518,A_ahead_tendency,tendency,"A_minus_B is relative pre-to-post progress difference, not physical magnitude or causality."
W002,45,P,Je,52,7,0.14736397986740546,0.14813581880485577,0.0,0.293207456768808,-0.016012528613381618,0.3119096865457535,0.937,0.035,0.117,0.269,0.717,A_ahead_tendency,tendency,"A_minus_B is relative pre-to-post progress difference, not physical magnitude or causality."
W002,45,P,Je,53,8,0.1317045143479203,0.13481288550095882,0.007094454976852938,0.24521464442946023,0.0,0.2633359254270358,0.958,0.019,0.113,0.298,0.836,A_ahead_supported,supported_90,"A_minus_B is relative pre-to-post progress difference, not physical magnitude or causality."
W002,45,P,Je,54,9,0.12613465484526076,0.12337905667112986,0.026679686250696156,0.20680432351154493,0.007972605770066369,0.2224052317105822,0.984,0.011,0.104,0.326,0.93,A_ahead_supported,supported_90,"A_minus_B is relative pre-to-post progress difference, not physical magnitude or causality."
W002,45,P,Je,55,10,0.11182453555772609,0.10039510396583323,0.025514625021904547,0.16853583601023475,0.009683436652167874,0.17951890816934363,0.986,0.011,0.128,0.496,0.991,A_ahead_supported,supported_90,"A_minus_B is relative pre-to-post progress difference, not physical magnitude or causality."
W002,45,P,Je,56,11,0.014413226566459159,0.015984006346144886,-0.034774327827119506,0.07728710630964597,-0.04904450818541896,0.08721047717083084,0.675,0.296,0.79,0.988,1.0,near_equal_candidate,near_equal_candidate,"A_minus_B is relative pre-to-post progress difference, not physical magnitude or causality."
W002,45,P,Je,57,12,-0.03541172400482662,-0.025189157496304293,-0.07922914901126725,0.0033549650667681037,-0.09153620408138007,0.012946110089520279,0.057,0.779,0.773,0.988,1.0,B_ahead_tendency,tendency,"A_minus_B is relative pre-to-post progress difference, not physical magnitude or causality."
W002,45,P,Je,58,13,-0.030516834544802363,-0.024407948257938794,-0.10154416381198765,0.0,-0.12182189049966531,0.0,0.002,0.71,0.697,0.946,1.0,near_equal_candidate,near_equal_candidate,"A_minus_B is relative pre-to-post progress difference, not physical magnitude or causality."
W002,45,P,Je,59,14,-0.03983776646878601,-0.042436834497631415,-0.13716848335390733,0.0,-0.1660189070773744,0.0,0.004,0.736,0.562,0.846,0.996,near_equal_candidate,near_equal_candidate,"A_minus_B is relative pre-to-post progress difference, not physical magnitude or causality."
W002,45,P,Je,60,15,-0.06625716451490138,-0.0692682727024716,-0.18342972281284675,0.0,-0.21161016557548898,0.0,0.005,0.816,0.385,0.662,0.964,B_ahead_tendency,tendency,"A_minus_B is relative pre-to-post progress difference, not physical magnitude or causality."
W002,45,P,Jw,30,-15,0.0,0.0,0.0,0.0,-0.009830120390143743,0.0166719950076436,0.048,0.029,0.986,0.997,1.0,near_equal_candidate,near_equal_candidate,"A_minus_B is relative pre-to-post progress difference, not physical magnitude or causality."
W002,45,P,Jw,31,-14,0.0,0.0,0.0,0.0,-0.00023799451998333194,6.126314688902927e-05,0.025,0.026,0.997,1.0,1.0,near_equal_candidate,near_equal_candidate,"A_minus_B is relative pre-to-post progress difference, not physical magnitude or causality."
W002,45,P,Jw,32,-13,0.0,0.0,-0.0063212956548318495,0.0,-0.01766372023574327,0.0025875132005226073,0.032,0.082,0.994,1.0,1.0,near_equal_candidate,near_equal_candidate,"A_minus_B is relative pre-to-post progress difference, not physical magnitude or causality."
W002,45,P,Jw,33,-12,-0.0141463336937198,-0.0056594881736407,-0.04099467682938012,0.0010426696059779128,-0.04619787502781632,0.012902503596694478,0.052,0.617,0.981,1.0,1.0,near_equal_candidate,near_equal_candidate,"A_minus_B is relative pre-to-post progress difference, not physical magnitude or causality."
W002,45,P,Jw,34,-11,0.0027515081483650006,0.0,-0.04856815706369042,0.054623463980356446,-0.05811690737138688,0.06913325582046206,0.489,0.498,0.888,0.996,1.0,near_equal_candidate,near_equal_candidate,"A_minus_B is relative pre-to-post progress difference, not physical magnitude or causality."
W002,45,P,Jw,35,-10,0.029488288671062797,0.020200084843057197,-0.05524383311051315,0.0889667825126141,-0.07158059405497172,0.10486200898901156,0.688,0.307,0.687,0.966,1.0,near_equal_candidate,near_equal_candidate,"A_minus_B is relative pre-to-post progress difference, not physical magnitude or causality."
W002,45,P,Jw,36,-9,0.025275030990579095,0.010992410984508354,-0.09541050053082753,0.11590474979069193,-0.11325158448788984,0.13831357860512875,0.579,0.413,0.554,0.865,0.999,near_equal_candidate,near_equal_candidate,"A_minus_B is relative pre-to-post progress difference, not physical magnitude or causality."
W002,45,P,Jw,37,-8,-0.0007049060798193091,-0.013716612799127642,-0.15856549755296462,0.13883343775311963,-0.1909032684510466,0.16610130672294052,0.433,0.565,0.428,0.725,0.97,near_equal_candidate,near_equal_candidate,"A_minus_B is relative pre-to-post progress difference, not physical magnitude or causality."
W002,45,P,Jw,38,-7,-0.05973309417989289,-0.0727704788761844,-0.24753973437657203,0.10951260160740904,-0.28548397265208836,0.14658907202697385,0.256,0.743,0.279,0.532,0.869,near_equal_candidate,near_equal_candidate,"A_minus_B is relative pre-to-post progress difference, not physical magnitude or causality."
W002,45,P,Jw,39,-6,-0.0739719687326929,-0.08927219804125225,-0.2993989636434817,0.12658932783686055,-0.33211386628045436,0.17349343271588397,0.253,0.746,0.231,0.454,0.773,not_resolved,unresolved,"A_minus_B is relative pre-to-post progress difference, not physical magnitude or causality."
W002,45,P,Jw,40,-5,-0.029714538614685593,-0.04381595621230558,-0.291577969881708,0.20136113573620357,-0.3386072230772553,0.25564059076634177,0.387,0.612,0.236,0.476,0.797,not_resolved,unresolved,"A_minus_B is relative pre-to-post progress difference, not physical magnitude or causality."
W002,45,P,Jw,41,-4,0.015820253889681724,0.0008825255685208921,-0.26068772209094127,0.2539626186905366,-0.30222590784339465,0.3018956191763749,0.501,0.499,0.246,0.459,0.793,not_resolved,unresolved,"A_minus_B is relative pre-to-post progress difference, not physical magnitude or causality."
W002,45,P,Jw,42,-3,0.02610618234763523,0.014524872533624805,-0.25770158695366774,0.2795630018507154,-0.3201779166635514,0.34133027553438966,0.53,0.47,0.205,0.419,0.755,not_resolved,unresolved,"A_minus_B is relative pre-to-post progress difference, not physical magnitude or causality."
W002,45,P,Jw,43,-2,0.0015725594086649086,-0.0047005124557793765,-0.29558739590089855,0.28702524546425495,-0.359835481592542,0.3493410325190482,0.491,0.509,0.184,0.404,0.725,not_resolved,unresolved,"A_minus_B is relative pre-to-post progress difference, not physical magnitude or causality."
W002,45,P,Jw,44,-1,0.025715689496372374,0.01939343215139322,-0.2831904857900622,0.3134907945062499,-0.3408468597037445,0.3889115557693477,0.536,0.464,0.192,0.377,0.706,not_resolved,unresolved,"A_minus_B is relative pre-to-post progress difference, not physical magnitude or causality."
W002,45,P,Jw,45,0,0.07972567422737853,0.07129460240277635,-0.2549001551210187,0.3717919215806084,-0.29908201245667204,0.4455930214608249,0.631,0.369,0.167,0.356,0.664,not_resolved,unresolved,"A_minus_B is relative pre-to-post progress difference, not physical magnitude or causality."
W002,45,P,Jw,46,1,0.13174802300860378,0.11013155843158401,-0.21347844486145007,0.424139547712196,-0.2683883375619143,0.49293107610725867,0.712,0.285,0.152,0.327,0.618,not_resolved,unresolved,"A_minus_B is relative pre-to-post progress difference, not physical magnitude or causality."
W002,45,P,Jw,47,2,0.1926908837870882,0.1692988651312095,-0.1555666448645158,0.45736209205231115,-0.21354300724187075,0.5229774182435498,0.798,0.199,0.137,0.275,0.55,A_ahead_tendency,tendency,"A_minus_B is relative pre-to-post progress difference, not physical magnitude or causality."
W002,45,P,Jw,48,3,0.21719255431811824,0.17535996450919578,-0.11287121256846183,0.4372994134765222,-0.16339349519144303,0.4904288666239379,0.837,0.159,0.121,0.26,0.537,A_ahead_tendency,tendency,"A_minus_B is relative pre-to-post progress difference, not physical magnitude or causality."
W002,45,P,Jw,49,4,0.18472327449269932,0.13712720093284947,-0.12046226896734545,0.3647230036719306,-0.1652583422755906,0.41368529678142324,0.833,0.162,0.156,0.328,0.686,A_ahead_tendency,tendency,"A_minus_B is relative pre-to-post progress difference, not physical magnitude or causality."
W002,45,P,Jw,50,5,0.14813322071373958,0.10572675818039473,-0.10458473759086144,0.31730497349385306,-0.1508579117920924,0.36023155716855765,0.799,0.177,0.23,0.421,0.787,A_ahead_tendency,tendency,"A_minus_B is relative pre-to-post progress difference, not physical magnitude or causality."
W002,45,P,Jw,51,6,0.11861903939425111,0.0949392982618758,-0.05327923323434666,0.26822207267360165,-0.11072540102724424,0.3106951104789121,0.829,0.119,0.253,0.484,0.843,A_ahead_tendency,tendency,"A_minus_B is relative pre-to-post progress difference, not physical magnitude or causality."
W002,45,P,Jw,52,7,0.08098546939692364,0.0742356579738061,-0.016812805071215624,0.22254461108636375,-0.0546101866507724,0.24967694822808395,0.831,0.063,0.342,0.629,0.934,A_ahead_tendency,tendency,"A_minus_B is relative pre-to-post progress difference, not physical magnitude or causality."
W002,45,P,Jw,53,8,0.025237171126378244,0.022942506920371197,-0.011499783197102998,0.14333001150958757,-0.03717635726104785,0.162425708540232,0.657,0.061,0.63,0.876,0.988,near_equal_candidate,near_equal_candidate,"A_minus_B is relative pre-to-post progress difference, not physical magnitude or causality."
W002,45,P,Jw,54,9,0.0,0.0,-0.02758716453809419,0.0786901521632434,-0.048251696493824804,0.09479543890760199,0.424,0.114,0.841,0.978,0.999,near_equal_candidate,near_equal_candidate,"A_minus_B is relative pre-to-post progress difference, not physical magnitude or causality."
W002,45,P,Jw,55,10,0.0,0.0,-0.050002485156228293,0.040721116898680236,-0.06578720520091753,0.051209591061713515,0.25,0.282,0.92,0.993,1.0,near_equal_candidate,near_equal_candidate,"A_minus_B is relative pre-to-post progress difference, not physical magnitude or causality."
W002,45,P,Jw,56,11,-0.03817415334808205,-0.027876722464075798,-0.08071469735049146,0.0,-0.0927411862802113,0.002225975481330856,0.029,0.833,0.763,0.987,1.0,B_ahead_tendency,tendency,"A_minus_B is relative pre-to-post progress difference, not physical magnitude or causality."
W002,45,P,Jw,57,12,-0.03541172400482662,-0.024701763899847573,-0.0799469617114329,0.00784434847442772,-0.09182363359833991,0.014396719395512741,0.088,0.778,0.765,0.984,1.0,B_ahead_tendency,tendency,"A_minus_B is relative pre-to-post progress difference, not physical magnitude or causality."
W002,45,P,Jw,58,13,-0.02077646436164793,-0.010060328673686891,-0.09402559458675448,0.04468586999356064,-0.11191120661910924,0.05682677966361825,0.286,0.574,0.745,0.962,1.0,near_equal_candidate,near_equal_candidate,"A_minus_B is relative pre-to-post progress difference, not physical magnitude or causality."
W002,45,P,Jw,59,14,-0.02537327879411644,-0.0175057160479537,-0.1265551469792869,0.07162850391726552,-0.14364636398396388,0.08880754664457928,0.305,0.591,0.596,0.878,0.998,near_equal_candidate,near_equal_candidate,"A_minus_B is relative pre-to-post progress difference, not physical magnitude or causality."
W002,45,P,Jw,60,15,-0.05557901173646074,-0.0459227445481184,-0.1717226311579563,0.07912217819917998,-0.19897155067004432,0.10989168925858636,0.268,0.672,0.413,0.746,0.975,near_equal_candidate,near_equal_candidate,"A_minus_B is relative pre-to-post progress difference, not physical magnitude or causality."
W002,45,V,H,30,-15,0.0,0.0,0.0,0.01673884964813244,0.0,0.03566670248023422,0.096,0.008,0.98,0.998,1.0,near_equal_candidate,near_equal_candidate,"A_minus_B is relative pre-to-post progress difference, not physical magnitude or causality."
W002,45,V,H,31,-14,0.0,0.0,0.0,0.03826943192700397,0.0,0.055546775205914334,0.201,0.009,0.965,0.998,1.0,near_equal_candidate,near_equal_candidate,"A_minus_B is relative pre-to-post progress difference, not physical magnitude or causality."
W002,45,V,H,32,-13,0.0,0.0,0.0,0.03320645410971595,0.0,0.04190242019404072,0.263,0.007,0.987,0.999,1.0,near_equal_candidate,near_equal_candidate,"A_minus_B is relative pre-to-post progress difference, not physical magnitude or causality."
W002,45,V,H,33,-12,0.0,0.0,0.0,0.018600970354970305,0.0,0.025399436269270912,0.172,0.01,0.998,1.0,1.0,near_equal_candidate,near_equal_candidate,"A_minus_B is relative pre-to-post progress difference, not physical magnitude or causality."
W002,45,V,H,34,-11,-0.007182388283422899,-0.0031734548665782996,-0.06028858613694519,0.03345321757291544,-0.07452195723825705,0.040857173016535894,0.36,0.527,0.907,0.993,1.0,near_equal_candidate,near_equal_candidate,"A_minus_B is relative pre-to-post progress difference, not physical magnitude or causality."
W002,45,V,H,35,-10,-0.0905379005036972,-0.08711330355367346,-0.19747620442599764,0.020661258458191105,-0.21893432462956333,0.03211059081817654,0.093,0.906,0.273,0.583,0.954,B_ahead_tendency,tendency,"A_minus_B is relative pre-to-post progress difference, not physical magnitude or causality."
W002,45,V,H,36,-9,-0.1873376909518492,-0.18351418370847877,-0.3584789185762608,-0.009961847466148914,-0.39281201757290546,0.03435918350423855,0.045,0.955,0.086,0.217,0.567,B_ahead_supported,supported_90,"A_minus_B is relative pre-to-post progress difference, not physical magnitude or causality."
W002,45,V,H,37,-8,-0.2629784852463069,-0.25452987836198465,-0.5033765975416867,-0.0011822197585147885,-0.5533647948088688,0.04637608249620495,0.049,0.951,0.06,0.139,0.361,B_ahead_supported,supported_90,"A_minus_B is relative pre-to-post progress difference, not physical magnitude or causality."
W002,45,V,H,38,-7,-0.3572257181498912,-0.33899383378658876,-0.6400744457786803,-0.045628881185935465,-0.714464513211931,0.022247172434313445,0.031,0.969,0.035,0.084,0.211,B_ahead_supported,supported_90,"A_minus_B is relative pre-to-post progress difference, not physical magnitude or causality."
W002,45,V,H,39,-6,-0.4238863846090296,-0.4026825004526464,-0.7577480606213174,-0.05247435042188552,-0.8246331817536996,0.015426863156086285,0.03,0.97,0.03,0.07,0.16,B_ahead_supported,supported_90,"A_minus_B is relative pre-to-post progress difference, not physical magnitude or causality."
W002,45,V,H,40,-5,-0.43038199561593815,-0.41296702732401913,-0.8015317569486178,-0.01104729002785174,-0.8478991579869709,0.07426266212706792,0.049,0.951,0.04,0.076,0.178,B_ahead_supported,supported_90,"A_minus_B is relative pre-to-post progress difference, not physical magnitude or causality."
W002,45,V,H,41,-4,-0.4045214067617951,-0.3864461957880827,-0.7807922718139636,0.04240810556190529,-0.8267295418422996,0.12063131529673007,0.073,0.927,0.048,0.099,0.223,B_ahead_tendency,tendency,"A_minus_B is relative pre-to-post progress difference, not physical magnitude or causality."
W002,45,V,H,42,-3,-0.37452788076104226,-0.35776137101849204,-0.7516438980430249,0.073476687210211,-0.8042868753999157,0.16163728695161092,0.1,0.9,0.063,0.125,0.261,B_ahead_tendency,tendency,"A_minus_B is relative pre-to-post progress difference, not physical magnitude or causality."
W002,45,V,H,43,-2,-0.3417329609763628,-0.32287011632257234,-0.7219165899700682,0.12181146735541808,-0.7870785154626226,0.19322654225611294,0.117,0.883,0.074,0.142,0.292,B_ahead_tendency,tendency,"A_minus_B is relative pre-to-post progress difference, not physical magnitude or causality."
W002,45,V,H,44,-1,-0.2589132260264887,-0.2351828785910522,-0.6431894631610391,0.19210691878517136,-0.6969854873811574,0.26560868228225737,0.186,0.814,0.089,0.175,0.398,B_ahead_tendency,tendency,"A_minus_B is relative pre-to-post progress difference, not physical magnitude or causality."
W002,45,V,H,45,0,-0.12202977375539992,-0.09543940387801092,-0.5233364757130293,0.32868605601615924,-0.5797612124123904,0.41129377202693757,0.336,0.664,0.143,0.296,0.537,not_resolved,unresolved,"A_minus_B is relative pre-to-post progress difference, not physical magnitude or causality."
W002,45,V,H,46,1,-0.0027121975831024825,0.020401865256350155,-0.4191669390930815,0.4377694405852402,-0.47518223228841877,0.5105399962154765,0.529,0.471,0.168,0.324,0.578,not_resolved,unresolved,"A_minus_B is relative pre-to-post progress difference, not physical magnitude or causality."
W002,45,V,H,47,2,0.11561842400431577,0.13650809469074265,-0.31170601919818375,0.5355293911031197,-0.3991572826610678,0.6079702308617756,0.699,0.301,0.145,0.268,0.511,not_resolved,unresolved,"A_minus_B is relative pre-to-post progress difference, not physical magnitude or causality."
W002,45,V,H,48,3,0.1979961677579225,0.20932136104332427,-0.2374319035302937,0.6015494919807167,-0.3134203918783777,0.6677123429557248,0.797,0.203,0.106,0.225,0.413,A_ahead_tendency,tendency,"A_minus_B is relative pre-to-post progress difference, not physical magnitude or causality."
W002,45,V,H,49,4,0.22262320395579593,0.22611061670770832,-0.19644379940785484,0.5887553835710654,-0.2719177067006305,0.6411852650080291,0.824,0.176,0.098,0.201,0.41,A_ahead_tendency,tendency,"A_minus_B is relative pre-to-post progress difference, not physical magnitude or causality."
W002,45,V,H,50,5,0.21120349698715546,0.20728704651126484,-0.16368038912870217,0.5248089862749996,-0.24241770940536017,0.5833882960012752,0.829,0.171,0.101,0.216,0.451,A_ahead_tendency,tendency,"A_minus_B is relative pre-to-post progress difference, not physical magnitude or causality."
W002,45,V,H,51,6,0.20342106190018794,0.19432464925746362,-0.11185923701173572,0.43970719427072347,-0.1671348526621133,0.4889335453845802,0.85,0.148,0.12,0.231,0.506,A_ahead_tendency,tendency,"A_minus_B is relative pre-to-post progress difference, not physical magnitude or causality."
W002,45,V,H,52,7,0.2167811254590829,0.18917633094145592,-0.03938285987735319,0.3827626963995627,-0.08108563721902874,0.42054408487946743,0.9,0.09,0.12,0.243,0.532,A_ahead_tendency,tendency,"A_minus_B is relative pre-to-post progress difference, not physical magnitude or causality."
W002,45,V,H,53,8,0.18227052306684433,0.15918912542221053,-0.006709142225790715,0.30794639828533366,-0.03766343429260307,0.3417351837713535,0.935,0.054,0.109,0.246,0.664,A_ahead_tendency,tendency,"A_minus_B is relative pre-to-post progress difference, not physical magnitude or causality."
W002,45,V,H,54,9,0.1259689422910849,0.1071971254317099,-7.666691882479268e-06,0.2051318045319482,-0.02278576490918979,0.22772668336436097,0.943,0.05,0.15,0.442,0.938,A_ahead_tendency,tendency,"A_minus_B is relative pre-to-post progress difference, not physical magnitude or causality."
W002,45,V,H,55,10,0.06040178828065956,0.050724909695143816,-0.007164596510740123,0.10995888237054761,-0.016505322533665774,0.12081417580028721,0.909,0.074,0.493,0.922,1.0,A_ahead_tendency,tendency,"A_minus_B is relative pre-to-post progress difference, not physical magnitude or causality."
W002,45,V,H,56,11,-0.028573278978825445,-0.020210386510361944,-0.06415797464189675,0.03343786080634816,-0.07224937795716527,0.045944625804444306,0.213,0.758,0.86,0.992,1.0,B_ahead_tendency,tendency,"A_minus_B is relative pre-to-post progress difference, not physical magnitude or causality."
W002,45,V,H,57,12,-0.01883937949859804,-0.01734235541254897,-0.06256101590738732,3.599191508592616e-05,-0.07420004091680132,0.012811910638625383,0.05,0.75,0.884,0.996,1.0,B_ahead_tendency,tendency,"A_minus_B is relative pre-to-post progress difference, not physical magnitude or causality."
W002,45,V,H,58,13,0.0,0.0,-0.05116782806573021,0.0,-0.06135659584586035,0.0,0.024,0.399,0.942,0.997,1.0,near_equal_candidate,near_equal_candidate,"A_minus_B is relative pre-to-post progress difference, not physical magnitude or causality."
W002,45,V,H,59,14,0.0,0.0,-0.07338041715673697,0.0,-0.08909001250788898,0.0,0.018,0.482,0.881,0.985,1.0,near_equal_candidate,near_equal_candidate,"A_minus_B is relative pre-to-post progress difference, not physical magnitude or causality."
W002,45,V,H,60,15,-0.013974877587120571,-0.013295886287964798,-0.1096876709217839,0.0,-0.12670512330660455,0.0013980160192309005,0.027,0.589,0.73,0.937,0.999,near_equal_candidate,near_equal_candidate,"A_minus_B is relative pre-to-post progress difference, not physical magnitude or causality."
W002,45,V,Je,30,-15,-0.0812418023268642,-0.06505238407024069,-0.197064480288924,0.0,-0.21473004241375918,0.011854582260754733,0.04,0.779,0.403,0.652,0.952,B_ahead_tendency,tendency,"A_minus_B is relative pre-to-post progress difference, not physical magnitude or causality."
W002,45,V,Je,31,-14,-0.0528617888874826,-0.040679797017959,-0.1331881017618692,0.019274945439484114,-0.14780065506600684,0.037704545892124935,0.082,0.721,0.555,0.835,0.999,near_equal_candidate,near_equal_candidate,"A_minus_B is relative pre-to-post progress difference, not physical magnitude or causality."
W002,45,V,Je,32,-13,-0.0472391766215502,-0.03410613413680835,-0.09857491969404589,0.014877720808150507,-0.10888159028712346,0.030634667831900587,0.087,0.793,0.627,0.955,1.0,B_ahead_tendency,tendency,"A_minus_B is relative pre-to-post progress difference, not physical magnitude or causality."
W002,45,V,Je,33,-12,-0.0276151916456801,-0.02232583586275675,-0.06714527542351069,0.005605128913570042,-0.0744942850733077,0.014885843664377856,0.074,0.779,0.862,1.0,1.0,B_ahead_tendency,tendency,"A_minus_B is relative pre-to-post progress difference, not physical magnitude or causality."
W002,45,V,Je,34,-11,0.0081638723476487,0.0024670230497649,-0.029225581270535355,0.035992292433598375,-0.03736542603133301,0.04124539280810422,0.545,0.265,0.987,1.0,1.0,near_equal_candidate,near_equal_candidate,"A_minus_B is relative pre-to-post progress difference, not physical magnitude or causality."
W002,45,V,Je,35,-10,0.02752314806158,0.0198067444434291,-0.04025513289341144,0.06908596029036963,-0.0592507271321586,0.07737275012387931,0.704,0.184,0.786,0.993,1.0,near_equal_candidate,near_equal_candidate,"A_minus_B is relative pre-to-post progress difference, not physical magnitude or causality."
W002,45,V,Je,36,-9,0.0432361044508832,0.0348466223113849,-0.031989828267264805,0.103774607520179,-0.056819240634369286,0.11833885252397999,0.753,0.108,0.608,0.919,1.0,A_ahead_tendency,tendency,"A_minus_B is relative pre-to-post progress difference, not physical magnitude or causality."
W002,45,V,Je,37,-8,0.0829759288555621,0.07602235146196365,0.0,0.17055549960452035,0.0,0.18475346779417906,0.893,0.023,0.316,0.651,0.987,A_ahead_tendency,tendency,"A_minus_B is relative pre-to-post progress difference, not physical magnitude or causality."
W002,45,V,Je,38,-7,0.1045424642932886,0.10078559712585985,0.0,0.21178377024597686,0.0,0.23519028795310257,0.911,0.016,0.24,0.492,0.925,A_ahead_tendency,tendency,"A_minus_B is relative pre-to-post progress difference, not physical magnitude or causality."
W002,45,V,Je,39,-6,0.1354388300537581,0.12804855647824143,0.0,0.26116452375040294,0.0,0.2975050486849411,0.922,0.022,0.174,0.367,0.805,A_ahead_tendency,tendency,"A_minus_B is relative pre-to-post progress difference, not physical magnitude or causality."
W002,45,V,Je,40,-5,0.1976071664139243,0.16485155510171556,-0.0015204448061245995,0.3294565287734468,-0.04834427401411875,0.3719276453450216,0.938,0.053,0.136,0.274,0.649,A_ahead_tendency,tendency,"A_minus_B is relative pre-to-post progress difference, not physical magnitude or causality."
W002,45,V,Je,41,-4,0.21626567406941472,0.17821174265876855,-0.04049031357835126,0.3892486893232237,-0.0905990168453138,0.42719244321102146,0.898,0.099,0.15,0.267,0.553,A_ahead_tendency,tendency,"A_minus_B is relative pre-to-post progress difference, not physical magnitude or causality."
W002,45,V,Je,42,-3,0.20414415267399266,0.1760405837052174,-0.07633905748838789,0.41254399597062547,-0.11901052521489316,0.46458780016465107,0.874,0.125,0.138,0.277,0.549,A_ahead_tendency,tendency,"A_minus_B is relative pre-to-post progress difference, not physical magnitude or causality."
W002,45,V,Je,43,-2,0.172296646251433,0.1513190686931455,-0.1216882663926045,0.419676335631143,-0.16505496470333758,0.4665832517671747,0.815,0.185,0.17,0.324,0.596,A_ahead_tendency,tendency,"A_minus_B is relative pre-to-post progress difference, not physical magnitude or causality."
W002,45,V,Je,44,-1,0.1612655798998296,0.14485887973935896,-0.1364329946000265,0.44167887275293444,-0.18965616572378038,0.5183543990350804,0.797,0.203,0.172,0.34,0.605,A_ahead_tendency,tendency,"A_minus_B is relative pre-to-post progress difference, not physical magnitude or causality."
W002,45,V,Je,45,0,0.15902261678993296,0.14280494438415328,-0.15395967130341975,0.4831862624533046,-0.2204598595389569,0.5623519849232137,0.784,0.216,0.158,0.325,0.563,A_ahead_tendency,tendency,"A_minus_B is relative pre-to-post progress difference, not physical magnitude or causality."
W002,45,V,Je,46,1,0.11014883247212626,0.10617377949180049,-0.21329494092756038,0.447633217237389,-0.28448239030062983,0.5451877329842056,0.711,0.289,0.176,0.352,0.604,not_resolved,unresolved,"A_minus_B is relative pre-to-post progress difference, not physical magnitude or causality."
W002,45,V,Je,47,2,0.10334226350308717,0.11228755845426147,-0.2150734574914543,0.4560366484810456,-0.2885097652969504,0.5293321986037853,0.705,0.295,0.169,0.329,0.6,not_resolved,unresolved,"A_minus_B is relative pre-to-post progress difference, not physical magnitude or causality."
W002,45,V,Je,48,3,0.1024775458183379,0.11502512091565753,-0.1997725148317378,0.41849039078582845,-0.27682208823574317,0.47644565459740623,0.711,0.289,0.174,0.33,0.621,not_resolved,unresolved,"A_minus_B is relative pre-to-post progress difference, not physical magnitude or causality."
W002,45,V,Je,49,4,0.10351441689637775,0.11682138303730288,-0.188960669397352,0.3717555752982776,-0.24152992672379534,0.4381738945858145,0.742,0.258,0.173,0.341,0.642,not_resolved,unresolved,"A_minus_B is relative pre-to-post progress difference, not physical magnitude or causality."
W002,45,V,Je,50,5,0.12750323674277908,0.1372785100819331,-0.13735154305854658,0.3812049638638723,-0.1997347001960202,0.4167326661348617,0.794,0.206,0.164,0.322,0.629,A_ahead_tendency,tendency,"A_minus_B is relative pre-to-post progress difference, not physical magnitude or causality."
W002,45,V,Je,51,6,0.14423685872000536,0.14635959647709845,-0.10351154882785774,0.3416094716662237,-0.16036108073701888,0.37672942571446266,0.831,0.168,0.157,0.316,0.652,A_ahead_tendency,tendency,"A_minus_B is relative pre-to-post progress difference, not physical magnitude or causality."
W002,45,V,Je,52,7,0.14211309980544184,0.12573106787917482,-0.0674966360709867,0.2796613998268187,-0.1017111877736486,0.3027785713431723,0.854,0.14,0.176,0.37,0.762,A_ahead_tendency,tendency,"A_minus_B is relative pre-to-post progress difference, not physical magnitude or causality."
W002,45,V,Je,53,8,0.1317045143479203,0.12528237687399035,-0.015364135217357189,0.24116208984991447,-0.0445308289849329,0.25733448312967927,0.922,0.069,0.154,0.371,0.849,A_ahead_tendency,tendency,"A_minus_B is relative pre-to-post progress difference, not physical magnitude or causality."
W002,45,V,Je,54,9,0.12613465484526076,0.11698893989002973,0.012965200578811299,0.2031741351991082,-0.006421900067052968,0.21591888385680977,0.963,0.034,0.135,0.377,0.939,A_ahead_supported,supported_90,"A_minus_B is relative pre-to-post progress difference, not physical magnitude or causality."
W002,45,V,Je,55,10,0.11182453555772609,0.10305510540319945,0.025880874467919587,0.171796793633501,0.013795955539771053,0.18616178145846923,0.987,0.01,0.118,0.476,0.988,A_ahead_supported,supported_90,"A_minus_B is relative pre-to-post progress difference, not physical magnitude or causality."
W002,45,V,Je,56,11,0.024014100935715765,0.019624952529486483,-0.03758818774020162,0.08925181485868836,-0.04939608222050707,0.10109130681600036,0.696,0.299,0.715,0.973,1.0,near_equal_candidate,near_equal_candidate,"A_minus_B is relative pre-to-post progress difference, not physical magnitude or causality."
W002,45,V,Je,57,12,-0.01883937949859804,-0.01575367337741146,-0.0605329704304954,0.01025854471968769,-0.07321014753903736,0.01866816096314464,0.096,0.721,0.896,0.997,1.0,near_equal_candidate,near_equal_candidate,"A_minus_B is relative pre-to-post progress difference, not physical magnitude or causality."
W002,45,V,Je,58,13,0.0,0.0,-0.05116782806573021,0.0,-0.06135659584586035,0.0,0.005,0.403,0.947,0.999,1.0,near_equal_candidate,near_equal_candidate,"A_minus_B is relative pre-to-post progress difference, not physical magnitude or causality."
W002,45,V,Je,59,14,0.0,0.0,-0.07338041715673697,0.0,-0.08909001250788898,0.0,0.007,0.485,0.884,0.988,1.0,near_equal_candidate,near_equal_candidate,"A_minus_B is relative pre-to-post progress difference, not physical magnitude or causality."
W002,45,V,Je,60,15,-0.013974877587120571,-0.01350933565343021,-0.11052360831670001,0.0,-0.12670512330660455,0.0,0.007,0.591,0.739,0.938,1.0,near_equal_candidate,near_equal_candidate,"A_minus_B is relative pre-to-post progress difference, not physical magnitude or causality."
W002,45,V,Jw,30,-15,0.0,0.0,0.0,0.01673884964813244,-0.009830120390143743,0.03566670248023422,0.094,0.029,0.978,0.997,1.0,near_equal_candidate,near_equal_candidate,"A_minus_B is relative pre-to-post progress difference, not physical magnitude or causality."
W002,45,V,Jw,31,-14,0.0,0.0,0.0,0.0380105275475611,0.0,0.055546775205914334,0.2,0.022,0.965,0.998,1.0,near_equal_candidate,near_equal_candidate,"A_minus_B is relative pre-to-post progress difference, not physical magnitude or causality."
W002,45,V,Jw,32,-13,0.0,0.0,-0.005650173674735433,0.033156809378727746,-0.015885107143574755,0.04165640875273206,0.257,0.075,0.983,0.999,1.0,near_equal_candidate,near_equal_candidate,"A_minus_B is relative pre-to-post progress difference, not physical magnitude or causality."
W002,45,V,Jw,33,-12,-0.0141463336937198,-0.005569353864578699,-0.0417006526700015,0.011499472507963952,-0.04659298733377567,0.020664538012014243,0.1,0.611,0.98,1.0,1.0,near_equal_candidate,near_equal_candidate,"A_minus_B is relative pre-to-post progress difference, not physical magnitude or causality."
W002,45,V,Jw,34,-11,-0.031503185829270794,-0.0246274833371163,-0.06514371229726626,0.016806697094052653,-0.07438274170350628,0.02476195882123609,0.151,0.808,0.849,0.999,1.0,B_ahead_tendency,tendency,"A_minus_B is relative pre-to-post progress difference, not physical magnitude or causality."
W002,45,V,Jw,35,-10,-0.0150426312090941,-0.012984703205559951,-0.08859310297788846,0.05422123172150728,-0.09828130283695855,0.06470227732494753,0.358,0.62,0.714,0.98,1.0,near_equal_candidate,near_equal_candidate,"A_minus_B is relative pre-to-post progress difference, not physical magnitude or causality."
W002,45,V,Jw,36,-9,-0.016558728422466196,-0.022419396430366598,-0.12323108129578228,0.08211210663950319,-0.14810962207031875,0.0972759811609778,0.359,0.628,0.518,0.876,0.998,near_equal_candidate,near_equal_candidate,"A_minus_B is relative pre-to-post progress difference, not physical magnitude or causality."
W002,45,V,Jw,37,-8,-0.041095223231695704,-0.050936968835801504,-0.1980920285796324,0.10208383836757746,-0.22117552258173945,0.12933488416288283,0.307,0.692,0.349,0.657,0.948,near_equal_candidate,near_equal_candidate,"A_minus_B is relative pre-to-post progress difference, not physical magnitude or causality."
W002,45,V,Jw,38,-7,-0.09569916650768338,-0.10729177395003214,-0.282799117985344,0.07565322332526699,-0.31003798194895277,0.11881957936006182,0.191,0.809,0.251,0.442,0.801,B_ahead_tendency,tendency,"A_minus_B is relative pre-to-post progress difference, not physical magnitude or causality."
W002,45,V,Jw,39,-6,-0.13973164930757,-0.1470761533487041,-0.3642373219704254,0.07347356123849506,-0.39319293419426843,0.1221864041987278,0.136,0.864,0.183,0.35,0.642,B_ahead_tendency,tendency,"A_minus_B is relative pre-to-post progress difference, not physical magnitude or causality."
W002,45,V,Jw,40,-5,-0.12567290700134906,-0.1295879878398194,-0.3813877050046614,0.11857656891394672,-0.43489477034040075,0.1637824571878186,0.199,0.8,0.195,0.353,0.651,B_ahead_tendency,tendency,"A_minus_B is relative pre-to-post progress difference, not physical magnitude or causality."
W002,45,V,Jw,41,-4,-0.10604625501379328,-0.11056506625792492,-0.3941458339464919,0.1603157186743666,-0.4415311911511188,0.20637998505769953,0.235,0.764,0.199,0.395,0.677,B_ahead_tendency,tendency,"A_minus_B is relative pre-to-post progress difference, not physical magnitude or causality."
W002,45,V,Jw,42,-3,-0.1055470152572025,-0.1060421581557747,-0.39780519113338514,0.17302889330632115,-0.46150734603725985,0.21962834004548096,0.251,0.749,0.183,0.385,0.662,not_resolved,unresolved,"A_minus_B is relative pre-to-post progress difference, not physical magnitude or causality."
W002,45,V,Jw,43,-2,-0.11776965755499819,-0.11992991465522368,-0.4252313069796891,0.1768366619305265,-0.5001666311777638,0.23437150256830439,0.24,0.76,0.176,0.347,0.632,B_ahead_tendency,tendency,"A_minus_B is relative pre-to-post progress difference, not physical magnitude or causality."
W002,45,V,Jw,44,-1,-0.09278719175607264,-0.09168005468790233,-0.41991117183612586,0.2112530158679641,-0.47384573259404617,0.292382499721313,0.308,0.692,0.186,0.373,0.659,not_resolved,unresolved,"A_minus_B is relative pre-to-post progress difference, not physical magnitude or causality."
W002,45,V,Jw,45,0,-0.05594277897338984,-0.053367188089660844,-0.3901400923810951,0.260940447590321,-0.4449971487480968,0.350735931741971,0.392,0.608,0.197,0.394,0.674,not_resolved,unresolved,"A_minus_B is relative pre-to-post progress difference, not physical magnitude or causality."
W002,45,V,Jw,46,1,-0.03609488202743538,-0.035178504767534646,-0.35615379796796265,0.2982832433275354,-0.41850430367454344,0.36563338398226713,0.435,0.565,0.195,0.393,0.69,not_resolved,unresolved,"A_minus_B is relative pre-to-post progress difference, not physical magnitude or causality."
W002,45,V,Jw,47,2,0.007791247800103207,0.005110478990011547,-0.30134289865751607,0.3417952061438098,-0.3504501567664647,0.4166554627715151,0.508,0.492,0.2,0.4,0.702,not_resolved,unresolved,"A_minus_B is relative pre-to-post progress difference, not physical magnitude or causality."
W002,45,V,Jw,48,3,0.02181818552273873,0.019384242665531237,-0.25650710914057406,0.337118612324293,-0.3144760262287615,0.4007786956809475,0.552,0.448,0.229,0.424,0.729,not_resolved,unresolved,"A_minus_B is relative pre-to-post progress difference, not physical magnitude or causality."
W002,45,V,Jw,49,4,0.005773943337969434,0.003268292335266265,-0.24272201745711816,0.28704457820502666,-0.2916692487781579,0.33649474446875277,0.506,0.493,0.252,0.47,0.786,not_resolved,unresolved,"A_minus_B is relative pre-to-post progress difference, not physical magnitude or causality."
W002,45,V,Jw,50,5,0.017377098124311208,0.010056358030338552,-0.21376811989627043,0.26458764826991404,-0.25815575278975134,0.309381325008839,0.53,0.461,0.274,0.523,0.833,near_equal_candidate,near_equal_candidate,"A_minus_B is relative pre-to-post progress difference, not physical magnitude or causality."
W002,45,V,Jw,51,6,0.0566712118123287,0.04448431751510201,-0.1471229299066414,0.239153226174169,-0.1848770496268126,0.2824405812518585,0.631,0.348,0.305,0.573,0.887,near_equal_candidate,near_equal_candidate,"A_minus_B is relative pre-to-post progress difference, not physical magnitude or causality."
W002,45,V,Jw,52,7,0.07573458933496002,0.04902608808231024,-0.08788470726105932,0.1937756757410337,-0.11910542714636488,0.2297102423989538,0.692,0.25,0.385,0.687,0.95,near_equal_candidate,near_equal_candidate,"A_minus_B is relative pre-to-post progress difference, not physical magnitude or causality."
W002,45,V,Jw,53,8,0.025237171126378244,0.012166289030423383,-0.05648678451971306,0.12772528386664334,-0.08041030761912248,0.15682676359299985,0.578,0.221,0.658,0.898,0.99,near_equal_candidate,near_equal_candidate,"A_minus_B is relative pre-to-post progress difference, not physical magnitude or causality."
W002,45,V,Jw,54,9,0.0,0.0,-0.04726399841744163,0.07280502818497604,-0.0644468376199891,0.0926041909718807,0.366,0.267,0.852,0.982,0.999,near_equal_candidate,near_equal_candidate,"A_minus_B is relative pre-to-post progress difference, not physical magnitude or causality."
W002,45,V,Jw,55,10,0.0,0.0,-0.03245212402733597,0.040017545081178295,-0.04065923759945923,0.05073606891029727,0.26,0.278,0.961,0.999,1.0,near_equal_candidate,near_equal_candidate,"A_minus_B is relative pre-to-post progress difference, not physical magnitude or causality."
W002,45,V,Jw,56,11,-0.028573278978825445,-0.024837667760823023,-0.06423726154347068,0.0,-0.07224398085617696,0.0,0.024,0.897,0.865,0.996,1.0,B_ahead_tendency,tendency,"A_minus_B is relative pre-to-post progress difference, not physical magnitude or causality."
W002,45,V,Jw,57,12,-0.01883937949859804,-0.016092875126183404,-0.06005462687897119,0.004773613804553807,-0.07262946080539058,0.00997485200261455,0.077,0.737,0.901,0.997,1.0,near_equal_candidate,near_equal_candidate,"A_minus_B is relative pre-to-post progress difference, not physical magnitude or causality."
W002,45,V,Jw,58,13,0.009740370183154434,0.0,-0.03803215157066614,0.050886481900672964,-0.05011997842572934,0.06298473761464654,0.458,0.263,0.922,0.999,1.0,near_equal_candidate,near_equal_candidate,"A_minus_B is relative pre-to-post progress difference, not physical magnitude or causality."
W002,45,V,Jw,59,14,0.014464487674669568,0.0,-0.055841983005484666,0.08053535578073637,-0.07534554114542563,0.1020490120609463,0.47,0.314,0.775,0.964,1.0,near_equal_candidate,near_equal_candidate,"A_minus_B is relative pre-to-post progress difference, not physical magnitude or causality."
W002,45,V,Jw,60,15,-0.0032967248086799295,0.0,-0.08668423413895088,0.09554743292705989,-0.12157253311059601,0.1161701108528799,0.418,0.415,0.673,0.92,1.0,near_equal_candidate,near_equal_candidate,"A_minus_B is relative pre-to-post progress difference, not physical magnitude or causality."
W002,45,H,Je,30,-15,-0.0812418023268642,-0.0675872497508969,-0.197064480288924,0.0,-0.21473004241375918,0.0,0.004,0.789,0.403,0.646,0.952,B_ahead_tendency,tendency,"A_minus_B is relative pre-to-post progress difference, not physical magnitude or causality."
W002,45,H,Je,31,-14,-0.0528617888874826,-0.0442165058165507,-0.13468034779534518,0.0,-0.15003993588689132,0.0,0.006,0.747,0.546,0.828,0.999,near_equal_candidate,near_equal_candidate,"A_minus_B is relative pre-to-post progress difference, not physical magnitude or causality."
W002,45,H,Je,32,-13,-0.0472391766215502,-0.0388888834726576,-0.10083937654890074,0.0,-0.11120833667259468,0.0,0.005,0.831,0.601,0.945,1.0,B_ahead_tendency,tendency,"A_minus_B is relative pre-to-post progress difference, not physical magnitude or causality."
W002,45,H,Je,33,-12,-0.0276151916456801,-0.023912865443080702,-0.06740803542914447,0.0,-0.07486714462799259,0.0,0.008,0.81,0.853,1.0,1.0,B_ahead_tendency,tendency,"A_minus_B is relative pre-to-post progress difference, not physical magnitude or causality."
W002,45,H,Je,34,-11,0.0153462606310716,0.009266845112397299,-0.028382914749893014,0.06495300046119938,-0.03898340647584481,0.07865350923380178,0.599,0.249,0.877,0.992,1.0,near_equal_candidate,near_equal_candidate,"A_minus_B is relative pre-to-post progress difference, not physical magnitude or causality."
W002,45,H,Je,35,-10,0.1180610485652772,0.10717333830869591,0.0,0.20607616807640622,-0.02218935589360719,0.23185316131299247,0.948,0.042,0.185,0.449,0.934,A_ahead_tendency,tendency,"A_minus_B is relative pre-to-post progress difference, not physical magnitude or causality."
W002,45,H,Je,36,-9,0.2305737954027324,0.21921916131100688,0.05464750152141895,0.37543191868314585,0.012494400489489216,0.41290957928040195,0.982,0.016,0.042,0.109,0.424,A_ahead_supported,supported_90,"A_minus_B is relative pre-to-post progress difference, not physical magnitude or causality."
W002,45,H,Je,37,-8,0.345954414101869,0.3324743275032517,0.12853641845049907,0.5446342053315628,0.08067469762785222,0.5877794234076029,0.996,0.004,0.012,0.029,0.135,A_ahead_supported,supported_90,"A_minus_B is relative pre-to-post progress difference, not physical magnitude or causality."
W002,45,H,Je,38,-7,0.4617681824431798,0.4420847654236426,0.20587367818073854,0.6961949488839085,0.14850240697170655,0.745673114102668,0.996,0.004,0.003,0.013,0.048,A_ahead_supported,supported_90,"A_minus_B is relative pre-to-post progress difference, not physical magnitude or causality."
W002,45,H,Je,39,-6,0.5593252146627877,0.5321221601660542,0.2443959417384174,0.8157937038081271,0.16288013503355353,0.8854786138706202,0.996,0.004,0.005,0.01,0.037,A_ahead_supported,supported_90,"A_minus_B is relative pre-to-post progress difference, not physical magnitude or causality."
W002,45,H,Je,40,-5,0.6279891620298624,0.5730612615217565,0.19704538623077866,0.9077794558651308,0.1256090431817973,0.975809118737839,0.992,0.008,0.007,0.018,0.052,A_ahead_supported,supported_90,"A_minus_B is relative pre-to-post progress difference, not physical magnitude or causality."
W002,45,H,Je,41,-4,0.6207870808312098,0.5604767641583783,0.1509066368307241,0.929798072286464,0.07043942156192046,1.0,0.985,0.015,0.014,0.028,0.071,A_ahead_supported,supported_90,"A_minus_B is relative pre-to-post progress difference, not physical magnitude or causality."
W002,45,H,Je,42,-3,0.5786720334350349,0.5278642163646208,0.11975421921607426,0.9201109907772975,0.03286303339144264,0.9721674152585349,0.983,0.017,0.015,0.037,0.104,A_ahead_supported,supported_90,"A_minus_B is relative pre-to-post progress difference, not physical magnitude or causality."
W002,45,H,Je,43,-2,0.5140296072277958,0.4598433231922773,0.03708274235464783,0.8613499778680941,-0.029606088693872365,0.9193981693758743,0.968,0.032,0.039,0.07,0.152,A_ahead_supported,supported_90,"A_minus_B is relative pre-to-post progress difference, not physical magnitude or causality."
W002,45,H,Je,44,-1,0.4201788059263183,0.3709413310382118,-0.03406766465284327,0.7882522855531383,-0.10817256921942252,0.842536400514045,0.922,0.078,0.056,0.112,0.226,A_ahead_tendency,tendency,"A_minus_B is relative pre-to-post progress difference, not physical magnitude or causality."
W002,45,H,Je,45,0,0.2810523905453329,0.24693830205343664,-0.15455044199749413,0.6544207159268646,-0.23989594897753275,0.7307244964761792,0.848,0.152,0.094,0.193,0.386,A_ahead_tendency,tendency,"A_minus_B is relative pre-to-post progress difference, not physical magnitude or causality."
W002,45,H,Je,46,1,0.11286103005522874,0.09613539222921305,-0.30092382364149306,0.5166058023061884,-0.3780808841209512,0.5870276551175618,0.645,0.355,0.163,0.301,0.545,not_resolved,unresolved,"A_minus_B is relative pre-to-post progress difference, not physical magnitude or causality."
W002,45,H,Je,47,2,-0.012276160501228595,-0.010449186240801878,-0.4034336076318877,0.3928528047046542,-0.4619313046475753,0.47699473690946237,0.479,0.521,0.166,0.318,0.601,not_resolved,unresolved,"A_minus_B is relative pre-to-post progress difference, not physical magnitude or causality."
W002,45,H,Je,48,3,-0.0955186219395846,-0.0853525410052787,-0.4612094023513904,0.3129651131557698,-0.5294051671401689,0.4006360019675947,0.359,0.641,0.164,0.314,0.569,not_resolved,unresolved,"A_minus_B is relative pre-to-post progress difference, not physical magnitude or causality."
W002,45,H,Je,49,4,-0.11910878705941819,-0.09997778023856146,-0.4559989836241052,0.2794334604402126,-0.5321502486201943,0.3433986389554043,0.321,0.679,0.165,0.313,0.572,not_resolved,unresolved,"A_minus_B is relative pre-to-post progress difference, not physical magnitude or causality."
W002,45,H,Je,50,5,-0.08370026024437638,-0.06681990405001398,-0.4100631173654633,0.2710278280918979,-0.4684506685129364,0.33563224481827286,0.367,0.633,0.173,0.34,0.632,not_resolved,unresolved,"A_minus_B is relative pre-to-post progress difference, not physical magnitude or causality."
W002,45,H,Je,51,6,-0.05918420318018258,-0.04943433407239661,-0.35672746012727397,0.24514310167292902,-0.3965390513087433,0.29443574174441134,0.397,0.602,0.205,0.385,0.708,not_resolved,unresolved,"A_minus_B is relative pre-to-post progress difference, not physical magnitude or causality."
W002,45,H,Je,52,7,-0.07466802565364106,-0.060512685116801856,-0.3101818202308216,0.17860734674685722,-0.34570945306064016,0.22223478410608294,0.348,0.651,0.245,0.454,0.778,not_resolved,unresolved,"A_minus_B is relative pre-to-post progress difference, not physical magnitude or causality."
W002,45,H,Je,53,8,-0.05056600871892403,-0.031778623740267686,-0.22774256441896315,0.15092133837608618,-0.2607077674119356,0.17882199556642542,0.378,0.622,0.332,0.609,0.897,near_equal_candidate,near_equal_candidate,"A_minus_B is relative pre-to-post progress difference, not physical magnitude or causality."
W002,45,H,Je,54,9,0.0001657125541758564,0.01412887249647976,-0.12881982018050003,0.13293869766448083,-0.152700818390979,0.16114256057890994,0.578,0.422,0.443,0.768,0.99,near_equal_candidate,near_equal_candidate,"A_minus_B is relative pre-to-post progress difference, not physical magnitude or causality."
W002,45,H,Je,55,10,0.05142274727706653,0.055739720501813195,-0.040772436608671504,0.13380994987581285,-0.061235153583947224,0.1503789179959405,0.815,0.185,0.429,0.795,0.997,A_ahead_tendency,tendency,"A_minus_B is relative pre-to-post progress difference, not physical magnitude or causality."
W002,45,H,Je,56,11,0.05258737991454121,0.04190240913669374,-0.022151169918492728,0.10484743048475573,-0.033002308868834186,0.11588081100465333,0.828,0.145,0.574,0.931,1.0,A_ahead_tendency,tendency,"A_minus_B is relative pre-to-post progress difference, not physical magnitude or causality."
W002,45,H,Je,57,12,0.0,0.0,-0.004994410868729465,0.01917832325026656,-0.017392149411033595,0.02517644334690444,0.19,0.062,0.992,0.999,1.0,near_equal_candidate,near_equal_candidate,"A_minus_B is relative pre-to-post progress difference, not physical magnitude or causality."
W002,45,H,Je,58,13,0.0,0.0,0.0,0.0,-0.0007440501410316343,0.0,0.005,0.026,0.995,0.998,1.0,near_equal_candidate,near_equal_candidate,"A_minus_B is relative pre-to-post progress difference, not physical magnitude or causality."
W002,45,H,Je,59,14,0.0,0.0,0.0,0.0,0.0,0.0,0.011,0.02,0.996,0.997,1.0,near_equal_candidate,near_equal_candidate,"A_minus_B is relative pre-to-post progress difference, not physical magnitude or causality."
W002,45,H,Je,60,15,0.0,0.0,0.0,0.0,-0.01900304026672661,0.0,0.012,0.044,0.987,0.997,0.999,near_equal_candidate,near_equal_candidate,"A_minus_B is relative pre-to-post progress difference, not physical magnitude or causality."
W002,45,H,Jw,30,-15,0.0,0.0,0.0,0.0,-0.009830120390143743,0.0,0.006,0.029,0.992,1.0,1.0,near_equal_candidate,near_equal_candidate,"A_minus_B is relative pre-to-post progress difference, not physical magnitude or causality."
W002,45,H,Jw,31,-14,0.0,0.0,0.0,0.0,-0.00023799451998333194,0.0,0.007,0.026,0.998,1.0,1.0,near_equal_candidate,near_equal_candidate,"A_minus_B is relative pre-to-post progress difference, not physical magnitude or causality."
W002,45,H,Jw,32,-13,0.0,0.0,-0.00736003513060548,0.0,-0.01766372023574327,0.0,0.006,0.084,0.996,1.0,1.0,near_equal_candidate,near_equal_candidate,"A_minus_B is relative pre-to-post progress difference, not physical magnitude or causality."
W002,45,H,Jw,33,-12,-0.0141463336937198,-0.0069974913142352,-0.04247084631855793,0.0,-0.04861789433921183,0.0,0.007,0.649,0.974,1.0,1.0,near_equal_candidate,near_equal_candidate,"A_minus_B is relative pre-to-post progress difference, not physical magnitude or causality."
W002,45,H,Jw,34,-11,-0.0243207975458479,-0.015185646970609102,-0.060133305650880695,0.03659509162489283,-0.0689436711198859,0.048539696090859466,0.268,0.679,0.861,0.994,1.0,near_equal_candidate,near_equal_candidate,"A_minus_B is relative pre-to-post progress difference, not physical magnitude or causality."
W002,45,H,Jw,35,-10,0.0754952692946031,0.06999182551286354,-0.015619588325654488,0.1628439326746079,-0.027846849452164906,0.1852623264035973,0.899,0.093,0.338,0.716,0.98,A_ahead_tendency,tendency,"A_minus_B is relative pre-to-post progress difference, not physical magnitude or causality."
W002,45,H,Jw,36,-9,0.17077896252938302,0.15596099552051768,0.024733233622727738,0.31187848303199056,-2.8902477973047438e-06,0.33937811855296085,0.973,0.025,0.094,0.241,0.692,A_ahead_supported,supported_90,"A_minus_B is relative pre-to-post progress difference, not physical magnitude or causality."
W002,45,H,Jw,37,-8,0.2218832620146112,0.20124034470058774,0.019104792208691757,0.4064384989728187,-0.0193200433770748,0.4512079432833538,0.966,0.032,0.078,0.158,0.494,A_ahead_supported,supported_90,"A_minus_B is relative pre-to-post progress difference, not physical magnitude or causality."
W002,45,H,Jw,38,-7,0.26152655164220784,0.23352618603619726,0.004065527121023945,0.4911865472203373,-0.04316901018757477,0.5372395086099939,0.952,0.047,0.071,0.147,0.412,A_ahead_supported,supported_90,"A_minus_B is relative pre-to-post progress difference, not physical magnitude or causality."
W002,45,H,Jw,39,-6,0.2841547353014596,0.2517213344220479,-0.03797213914195533,0.5663108540373255,-0.08544753659728604,0.6150003261473711,0.932,0.068,0.071,0.154,0.375,A_ahead_tendency,tendency,"A_minus_B is relative pre-to-post progress difference, not physical magnitude or causality."
W002,45,H,Jw,40,-5,0.30470908861458906,0.27344539108956767,-0.07549370504309524,0.6019047578713461,-0.1317646416607943,0.6594557575695579,0.918,0.082,0.072,0.149,0.345,A_ahead_tendency,tendency,"A_minus_B is relative pre-to-post progress difference, not physical magnitude or causality."
W002,45,H,Jw,41,-4,0.2984751517480018,0.2668752355041247,-0.09612156078410014,0.6043205578650703,-0.17959597908709382,0.6494425578880869,0.89,0.11,0.083,0.148,0.351,A_ahead_tendency,tendency,"A_minus_B is relative pre-to-post progress difference, not physical magnitude or causality."
W002,45,H,Jw,42,-3,0.26898086550383976,0.23405007867982622,-0.1483354149896993,0.579892877702427,-0.21480855622326395,0.6328608800031558,0.859,0.141,0.071,0.16,0.397,A_ahead_tendency,tendency,"A_minus_B is relative pre-to-post progress difference, not physical magnitude or causality."
W002,45,H,Jw,43,-2,0.2239633034213646,0.1982681971802713,-0.19403982283994567,0.5449798268856714,-0.2716224041517977,0.6029406628958265,0.818,0.182,0.096,0.224,0.457,A_ahead_tendency,tendency,"A_minus_B is relative pre-to-post progress difference, not physical magnitude or causality."
W002,45,H,Jw,44,-1,0.16612603427041606,0.14042813060579473,-0.23780449187885958,0.5058719845351697,-0.326815182270744,0.5662794278536808,0.743,0.257,0.133,0.262,0.547,not_resolved,unresolved,"A_minus_B is relative pre-to-post progress difference, not physical magnitude or causality."
W002,45,H,Jw,45,0,0.06608699478201008,0.05242082384692903,-0.3400495862591792,0.42664056259517835,-0.4271963133752265,0.4853571588707506,0.592,0.408,0.181,0.347,0.614,not_resolved,unresolved,"A_minus_B is relative pre-to-post progress difference, not physical magnitude or causality."
W002,45,H,Jw,46,1,-0.0333826844443329,-0.04064959717619093,-0.42760065028112987,0.3410965852435188,-0.4919921089344554,0.4184189848458597,0.428,0.572,0.189,0.343,0.64,not_resolved,unresolved,"A_minus_B is relative pre-to-post progress difference, not physical magnitude or causality."
W002,45,H,Jw,47,2,-0.10782717620421256,-0.1055452442139265,-0.4896705272626228,0.2655816431126835,-0.558921554692942,0.34249867449450455,0.314,0.686,0.148,0.316,0.58,not_resolved,unresolved,"A_minus_B is relative pre-to-post progress difference, not physical magnitude or causality."
W002,45,H,Jw,48,3,-0.17617798223518377,-0.17039025601816465,-0.5276582116610111,0.20633039145957202,-0.599770332225994,0.25757286319655753,0.219,0.781,0.158,0.285,0.516,B_ahead_tendency,tendency,"A_minus_B is relative pre-to-post progress difference, not physical magnitude or causality."
W002,45,H,Jw,49,4,-0.2168492606178265,-0.2001567054406161,-0.5386268854215275,0.14112845425474432,-0.6038296661107558,0.20754796209552798,0.154,0.846,0.114,0.247,0.471,B_ahead_tendency,tendency,"A_minus_B is relative pre-to-post progress difference, not physical magnitude or causality."
W002,45,H,Jw,50,5,-0.19382639886284425,-0.181874014361313,-0.4889673731935725,0.1330802156389388,-0.5497724924035442,0.19362103006495046,0.157,0.843,0.133,0.276,0.514,B_ahead_tendency,tendency,"A_minus_B is relative pre-to-post progress difference, not physical magnitude or causality."
W002,45,H,Jw,51,6,-0.14674985008785923,-0.14358847504873318,-0.42065236774239373,0.126949549906247,-0.4590904897467081,0.17840850250760446,0.199,0.8,0.183,0.342,0.608,B_ahead_tendency,tendency,"A_minus_B is relative pre-to-post progress difference, not physical magnitude or causality."
W002,45,H,Jw,52,7,-0.14104653612412288,-0.13215704350463509,-0.35965677709142657,0.10117435920858364,-0.3960363492042257,0.13097107396889474,0.178,0.818,0.205,0.379,0.662,B_ahead_tendency,tendency,"A_minus_B is relative pre-to-post progress difference, not physical magnitude or causality."
W002,45,H,Jw,53,8,-0.15703335194046608,-0.13654358067286615,-0.29885862062921853,0.04372832999599846,-0.31859994788538765,0.06999272797700704,0.092,0.897,0.163,0.365,0.735,B_ahead_tendency,tendency,"A_minus_B is relative pre-to-post progress difference, not physical magnitude or causality."
W002,45,H,Jw,54,9,-0.1259689422910849,-0.10177876896923843,-0.20441837806093707,0.009738090235252132,-0.220501060611126,0.03562644828940217,0.062,0.927,0.184,0.483,0.941,B_ahead_tendency,tendency,"A_minus_B is relative pre-to-post progress difference, not physical magnitude or causality."
W002,45,H,Jw,55,10,-0.06040178828065956,-0.049804870267881884,-0.10572211270774061,0.0041743213310644345,-0.11748483145998584,0.020548565856920456,0.062,0.915,0.497,0.931,1.0,B_ahead_tendency,tendency,"A_minus_B is relative pre-to-post progress difference, not physical magnitude or causality."
W002,45,H,Jw,56,11,0.0,0.0,-0.045397756757732666,0.0026354104651790085,-0.051768858557777506,0.00808016909803893,0.063,0.435,0.97,0.996,1.0,near_equal_candidate,near_equal_candidate,"A_minus_B is relative pre-to-post progress difference, not physical magnitude or causality."
W002,45,H,Jw,57,12,0.0,0.0,-0.004309164546279234,0.01602663658609639,-0.017392149411033595,0.021322057200204567,0.217,0.061,0.994,0.999,1.0,near_equal_candidate,near_equal_candidate,"A_minus_B is relative pre-to-post progress difference, not physical magnitude or causality."
W002,45,H,Jw,58,13,0.009740370183154434,0.006304930669403186,0.0,0.056020661691915365,0.0,0.06638360622558087,0.561,0.019,0.926,0.997,1.0,near_equal_candidate,near_equal_candidate,"A_minus_B is relative pre-to-post progress difference, not physical magnitude or causality."
W002,45,H,Jw,59,14,0.014464487674669568,0.012948972673472003,0.0,0.08401783139975663,0.0,0.10458437121149738,0.605,0.011,0.78,0.964,1.0,near_equal_candidate,near_equal_candidate,"A_minus_B is relative pre-to-post progress difference, not physical magnitude or causality."
W002,45,H,Jw,60,15,0.010678152778440642,0.012017240175271171,0.0,0.11287546638655574,0.0,0.12634097495738922,0.579,0.024,0.716,0.925,0.999,near_equal_candidate,near_equal_candidate,"A_minus_B is relative pre-to-post progress difference, not physical magnitude or causality."
W002,45,Je,Jw,30,-15,0.0812418023268642,0.0675872497508969,0.0,0.19706448028892395,0.0,0.21473004241375906,0.785,0.021,0.404,0.643,0.952,A_ahead_tendency,tendency,"A_minus_B is relative pre-to-post progress difference, not physical magnitude or causality."
W002,45,Je,Jw,31,-14,0.0528617888874826,0.0441014865122827,0.0,0.13468034779534516,0.0,0.15236659798663424,0.746,0.018,0.544,0.828,0.999,near_equal_candidate,near_equal_candidate,"A_minus_B is relative pre-to-post progress difference, not physical magnitude or causality."
W002,45,Je,Jw,32,-13,0.0472391766215502,0.03796826620871905,0.0,0.10077632677767681,-0.010660648378808523,0.11120833667259465,0.818,0.038,0.603,0.946,1.0,A_ahead_tendency,tendency,"A_minus_B is relative pre-to-post progress difference, not physical magnitude or causality."
W002,45,Je,Jw,33,-12,0.013468857951960301,0.01268108696911725,-0.03224665747015149,0.06145889946285835,-0.03783756524241079,0.06944029342089579,0.654,0.287,0.896,1.0,1.0,near_equal_candidate,near_equal_candidate,"A_minus_B is relative pre-to-post progress difference, not physical magnitude or causality."
W002,45,Je,Jw,34,-11,-0.0396670581769195,-0.029658705530743748,-0.07559273426343494,0.017822646652735086,-0.08346721479737032,0.03262978275644848,0.133,0.835,0.765,0.996,1.0,B_ahead_tendency,tendency,"A_minus_B is relative pre-to-post progress difference, not physical magnitude or causality."
W002,45,Je,Jw,35,-10,-0.0425657792706741,-0.035695230934746844,-0.09889918269989528,0.03621898506714362,-0.11146442644228861,0.05600672772931559,0.148,0.794,0.614,0.954,1.0,B_ahead_tendency,tendency,"A_minus_B is relative pre-to-post progress difference, not physical magnitude or causality."
W002,45,Je,Jw,36,-9,-0.0597948328733494,-0.0597433775032186,-0.14042762905178538,0.032436349580841545,-0.1576240912354078,0.06164611285429427,0.092,0.863,0.391,0.792,0.999,B_ahead_tendency,tendency,"A_minus_B is relative pre-to-post progress difference, not physical magnitude or causality."
W002,45,Je,Jw,37,-8,-0.1240711520872578,-0.12752779117465196,-0.2369204154292712,-0.0107667088026985,-0.2567604567636567,0.005288906735246433,0.028,0.961,0.12,0.318,0.881,B_ahead_supported,supported_90,"A_minus_B is relative pre-to-post progress difference, not physical magnitude or causality."
W002,45,Je,Jw,38,-7,-0.200241630800972,-0.20713649545924515,-0.345241517312219,-0.0529110387716225,-0.36774843619855985,-0.012082447506037548,0.017,0.979,0.039,0.112,0.468,B_ahead_supported,supported_90,"A_minus_B is relative pre-to-post progress difference, not physical magnitude or causality."
W002,45,Je,Jw,39,-6,-0.2751704793613281,-0.27821124935622915,-0.4520381460790023,-0.08108609124968502,-0.481768162396979,-0.02766410906935256,0.014,0.984,0.03,0.061,0.255,B_ahead_supported,supported_90,"A_minus_B is relative pre-to-post progress difference, not physical magnitude or causality."
W002,45,Je,Jw,40,-5,-0.3232800734152734,-0.30256430791660865,-0.5184224955231708,-0.03143702811418707,-0.550459982604357,0.02656659958810565,0.037,0.963,0.044,0.105,0.257,B_ahead_supported,supported_90,"A_minus_B is relative pre-to-post progress difference, not physical magnitude or causality."
W002,45,Je,Jw,41,-4,-0.322311929083208,-0.298319757592746,-0.5585411061779186,0.017189038594630206,-0.598965062943137,0.06263569023153927,0.063,0.937,0.077,0.133,0.297,B_ahead_tendency,tendency,"A_minus_B is relative pre-to-post progress difference, not physical magnitude or causality."
W002,45,Je,Jw,42,-3,-0.30969116793119517,-0.2969024121169473,-0.5904746265629782,0.03129157597575458,-0.6408494350957932,0.09296272346048189,0.074,0.926,0.076,0.151,0.326,B_ahead_tendency,tendency,"A_minus_B is relative pre-to-post progress difference, not physical magnitude or causality."
W002,45,Je,Jw,43,-2,-0.29006630380643117,-0.28201879630925564,-0.6136595671016067,0.05794571882904647,-0.6556017205313844,0.1172733228067658,0.095,0.905,0.082,0.175,0.356,B_ahead_tendency,tendency,"A_minus_B is relative pre-to-post progress difference, not physical magnitude or causality."
W002,45,Je,Jw,44,-1,-0.25405277165590223,-0.24988361237969023,-0.5870538402415808,0.10448711256864579,-0.6446889672254362,0.15903109179621525,0.139,0.861,0.098,0.207,0.416,B_ahead_tendency,tendency,"A_minus_B is relative pre-to-post progress difference, not physical magnitude or causality."
W002,45,Je,Jw,45,0,-0.2149653957633228,-0.21444616415958925,-0.5744861945727985,0.13899402291289306,-0.6268243381091819,0.19452821101545534,0.174,0.826,0.116,0.228,0.455,B_ahead_tendency,tendency,"A_minus_B is relative pre-to-post progress difference, not physical magnitude or causality."
W002,45,Je,Jw,46,1,-0.14624371449956164,-0.1501381896849819,-0.484129933290836,0.18139294788161392,-0.5362651621317818,0.24365646472556995,0.248,0.752,0.124,0.286,0.543,B_ahead_tendency,tendency,"A_minus_B is relative pre-to-post progress difference, not physical magnitude or causality."
W002,45,Je,Jw,47,2,-0.09555101570298397,-0.10586532268848836,-0.39721106159717884,0.2058884604889579,-0.45415450045890876,0.2652836129961072,0.298,0.702,0.165,0.329,0.654,not_resolved,unresolved,"A_minus_B is relative pre-to-post progress difference, not physical magnitude or causality."
W002,45,Je,Jw,48,3,-0.08065936029559917,-0.09106659758188362,-0.35630487688516477,0.19676428982840266,-0.4033527028312608,0.2461741868937359,0.303,0.697,0.196,0.369,0.709,not_resolved,unresolved,"A_minus_B is relative pre-to-post progress difference, not physical magnitude or causality."
W002,45,Je,Jw,49,4,-0.09774047355840831,-0.10483764981231902,-0.33741138924018044,0.15331485636781816,-0.37993850007687324,0.19052727835498198,0.24,0.76,0.184,0.387,0.721,B_ahead_tendency,tendency,"A_minus_B is relative pre-to-post progress difference, not physical magnitude or causality."
W002,45,Je,Jw,50,5,-0.11012613861846787,-0.1157327228805633,-0.3327184303739567,0.1195075187579268,-0.37239619895103093,0.16121906452220128,0.201,0.799,0.199,0.384,0.715,B_ahead_tendency,tendency,"A_minus_B is relative pre-to-post progress difference, not physical magnitude or causality."
W002,45,Je,Jw,51,6,-0.08756564690767665,-0.09233502013446465,-0.29559597594601056,0.12807250802384249,-0.3354432519796116,0.17251017550216396,0.238,0.762,0.233,0.45,0.792,B_ahead_tendency,tendency,"A_minus_B is relative pre-to-post progress difference, not physical magnitude or causality."
W002,45,Je,Jw,52,7,-0.06637851047048182,-0.06993025697344207,-0.2431664566626068,0.12135027268446509,-0.27974667177935636,0.15877971946593844,0.266,0.732,0.292,0.519,0.878,near_equal_candidate,near_equal_candidate,"A_minus_B is relative pre-to-post progress difference, not physical magnitude or causality."
W002,45,Je,Jw,53,8,-0.10646734322154205,-0.10326914575734236,-0.22597565534577166,0.0618533689617686,-0.24692775432753697,0.08892244214091641,0.152,0.845,0.237,0.466,0.895,B_ahead_tendency,tendency,"A_minus_B is relative pre-to-post progress difference, not physical magnitude or causality."
W002,45,Je,Jw,54,9,-0.12613465484526076,-0.11381512898790636,-0.20303395825566295,0.004462349027973258,-0.22202152141372522,0.028641392014896034,0.057,0.94,0.158,0.412,0.942,B_ahead_tendency,tendency,"A_minus_B is relative pre-to-post progress difference, not physical magnitude or causality."
W002,45,Je,Jw,55,10,-0.11182453555772609,-0.10395414462148406,-0.17391225658874357,-0.013804084125670772,-0.18406425331703766,0.0,0.024,0.971,0.14,0.469,0.988,B_ahead_supported,supported_90,"A_minus_B is relative pre-to-post progress difference, not physical magnitude or causality."
W002,45,Je,Jw,56,11,-0.05258737991454121,-0.04881643508363759,-0.10624443839776815,0.0,-0.11670597257297671,0.0,0.02,0.915,0.508,0.929,1.0,B_ahead_tendency,tendency,"A_minus_B is relative pre-to-post progress difference, not physical magnitude or causality."
W002,45,Je,Jw,57,12,0.0,0.0,-0.01802893578946014,0.015223608206124036,-0.024133313194116927,0.020548025761620067,0.196,0.183,0.998,1.0,1.0,near_equal_candidate,near_equal_candidate,"A_minus_B is relative pre-to-post progress difference, not physical magnitude or causality."
W002,45,Je,Jw,58,13,0.009740370183154434,0.006476930691443394,0.0,0.05710337731274997,0.0,0.06638360622558087,0.564,0.004,0.929,0.999,1.0,near_equal_candidate,near_equal_candidate,"A_minus_B is relative pre-to-post progress difference, not physical magnitude or causality."
W002,45,Je,Jw,59,14,0.014464487674669568,0.013272384599488929,0.0,0.08431546893931445,0.0,0.10639819851416693,0.607,0.008,0.781,0.966,1.0,near_equal_candidate,near_equal_candidate,"A_minus_B is relative pre-to-post progress difference, not physical magnitude or causality."
W002,45,Je,Jw,60,15,0.010678152778440642,0.014260934343720222,0.0,0.11287546638655574,0.0,0.12634097495738922,0.589,0.009,0.712,0.927,1.0,near_equal_candidate,near_equal_candidate,"A_minus_B is relative pre-to-post progress difference, not physical magnitude or causality."
